{"test_acc":[0.853,0.47,0.579,0.776,0.821,0.855,0.909],"final_out_power":[1.8458974273170163,55.977142642129856,9.450791036976053,2.832364591013816,1.8545309532228238,2.1918345376070847],"final_out_mse":[0.009169314468360886,0.1642851717639554,0.03735504128684428,0.01634690488150285,0.010969724993392877,0.011127123219703867],"mfr":[3.245633333333333,12.492106770833335,3.5187640625,2.432888802083333,2.584415885416666,3.3919567708333336],"dynamics_power":[0.0026785984290551143,0.036258040210576443,0.009366706740714222,0.00480160108775022,0.0038684042184338,0.0027363424860350014],"dynamics_mse":[0.005808327271279415,0.16244638180152599,0.022068716498127926,0.010259374812480439,0.007861022381602257,0.005772567188738265]}