{"test_acc":[0.847,0.532,0.706,0.828,0.86,0.841,0.909],"final_out_power":[1.6457978437731815,104.2545860337626,9.71232622223467,6.611252167190567,4.990991376624062,3.442884129090975],"final_out_mse":[0.00818173386743809,0.29818097359834417,0.03169731930934221,0.025157801300792024,0.02497161278426293,0.012298973008323631],"mfr":[3.108883333333333,5.221362239583334,3.6376546875,2.608671354166667,2.741291927083333,2.996703645833333],"dynamics_power":[0.002658824122347187,0.02663604813965344,0.008109957011431005,0.0050594434910012104,0.00360937539726847,0.003071855880120188],"dynamics_mse":[0.005667858231423224,0.07743775738722833,0.01919044462215035,0.010693666939319581,0.007251998711204757,0.007782776726253481]}