{"test_acc":[0.903,0.481,0.583,0.734,0.857,0.893,0.905],"final_out_power":[0.5553695559501648,1.2526850700378418,55.629215240478516,7.994625091552734,1.1145226955413818,1.402969241142273],"final_out_mse":[0.0020553527865558863,0.05188634991645813,0.19936764240264893,0.02486337721347809,0.0091353515163064,0.004415992647409439],"mfr":[27.757934635416667,29.931042187500005,37.91279583333333,32.6160953125,30.5612328125,27.71486666666667],"dynamics_power":[0.0008594853570684791,0.007596130482852459,0.009158531203866005,0.0054922248236835,0.002858721185475588,0.0015174380969256163],"dynamics_mse":[0.0015477788401767612,0.034449219703674316,0.06397941708564758,0.03481760993599892,0.010908481664955616,0.003319003852084279]}