{"test_acc":[0.859,0.902,0.729,0.491,0.897],"final_out_power":[1.7887865143535473,1.4303440196372577,4.5776930904764646,2.409329002448986],"final_out_mse":[0.00757802325804238,0.006395173828200957,0.0195902755958627,0.03014572527749978],"mfr":[3.1397768229166667,5.820857291666666,2.3750447916666664,1.9527994791666665],"dynamics_power":[0.0026658844099762312,0.002552900613385776,0.004612464193728661,0.006397530270698935],"dynamics_mse":[0.00556250003138376,0.005577314779205214,0.011257992395013449,0.01604753391564744]}