{"test_acc":[0.878,0.92,0.744,0.505,0.913],"final_out_power":[2.0742335663798346,2.0986337841419473,3.615844439585665,1.2462346077780035],"final_out_mse":[0.007763508274234379,0.008091153300928251,0.021416094125164632,0.03794223987743034],"mfr":[3.204710416666667,6.96601171875,1.5879466145833334,1.96915234375],"dynamics_power":[0.002750744301029864,0.0029812939374587464,0.005247996217333293,0.006534545390784537],"dynamics_mse":[0.005807911864765366,0.007088010180176996,0.01425810094145903,0.01867214547779191]}