{"test_acc":[0.815,0.896,0.779,0.511,0.904],"final_out_power":[3.0565393416572273,1.5010534611830426,3.7230276041552224,2.206215527038036],"final_out_mse":[0.013039302910661755,0.00809033012734016,0.016833323032853436,0.023806620994739344],"mfr":[3.3065734375,5.990331250000001,1.8367171875,1.3832679687499998],"dynamics_power":[0.002871408960518622,0.002700629148240604,0.004205322964030332,0.005782752576412182],"dynamics_mse":[0.007030631898873267,0.005675387009487814,0.010245440953422396,0.016447630325960954]}