{"test_acc":[0.846,0.904,0.772,0.503,0.893],"final_out_power":[2.0116967005168886,1.1939659728131877,3.0966473465857525,1.0578786324525404],"final_out_mse":[0.008283963049915943,0.005131381589283599,0.011671612319855036,0.04001873239064302],"mfr":[3.07259765625,3.5332057291666668,1.68196953125,0.9462109375],"dynamics_power":[0.0027705356708032985,0.0018820108471502982,0.004634965229111852,0.006268647368435607],"dynamics_mse":[0.006081460300902512,0.003642146691505834,0.013668996663864558,0.01798931151342827]}