{"test_acc":[0.836,0.904,0.72,0.512,0.901],"final_out_power":[1.6393574952348013,1.357455713140523,3.934409618640112,1.1627342748726137],"final_out_mse":[0.008068737767428093,0.004952921567219995,0.017710424283021362,0.03770768591917195],"mfr":[3.090700520833333,3.467466927083333,1.4640986979166668,1.004890625],"dynamics_power":[0.002714733238581111,0.001915543742124376,0.005525127679908436,0.006456513032864586],"dynamics_mse":[0.005567924101610021,0.003780648539637047,0.015466133792559506,0.01771005656672552]}