{"test_acc":[0.861,0.906,0.808,0.507,0.909],"final_out_power":[1.581903256383322,2.081938010804985,3.382814474841294,2.9837152769132462],"final_out_mse":[0.0077732892739941365,0.007552690303270503,0.013971010898707711,0.03721525097383929],"mfr":[3.284821354166666,3.6704921875,1.9430841145833333,0.9390315104166667],"dynamics_power":[0.002706166538039409,0.002194300012437897,0.004686820626500292,0.005893932866170966],"dynamics_mse":[0.005598664621314172,0.004643461450812248,0.011281996175581371,0.016685263733277906]}