{"test_acc":[0.865,0.875,0.785,0.494,0.892],"final_out_power":[1.8034060635938447,2.490979977565288,4.470429008930321,1.207112376954428],"final_out_mse":[0.007610911658479708,0.0104735260464305,0.02000777318603918,0.037438116128535225],"mfr":[3.113943229166667,12.0941671875,2.125505729166666,4.723755208333334],"dynamics_power":[0.0027339728899408618,0.003917910744336137,0.0049361805948077465,0.006879073750313311],"dynamics_mse":[0.005878100582452559,0.009026657021895606,0.01132912679038753,0.01750633561986642]}