{"test_acc":[0.853,0.908,0.79,0.487,0.91],"final_out_power":[1.408061242057407,2.461355771302088,2.765213150103393,2.2527141566953732],"final_out_mse":[0.007121313834303097,0.007145010291090744,0.012822896792776843,0.03513344254119624],"mfr":[4.21480859375,8.394732291666667,1.6886653645833334,1.0531166666666667],"dynamics_power":[0.002497570134556366,0.0029170411985703967,0.00518950866844276,0.006081908918204251],"dynamics_mse":[0.005043204199150066,0.007043878015385932,0.015697986132670136,0.017843987200054288]}