{"test_acc":[0.89,0.9,0.78,0.53,0.903],"final_out_power":[1.6408982368180747,1.109474077639454,4.274798973369293,3.295088762419253],"final_out_mse":[0.006878125309345093,0.004254250235738496,0.01551309725105704,0.024686081888765598],"mfr":[3.154939322916667,3.4859565104166665,1.7620770833333332,1.2900690104166668],"dynamics_power":[0.0026737427972142866,0.0018380022738066584,0.0051526348487753,0.006155806536845515],"dynamics_mse":[0.005521513356907344,0.0036189297120198445,0.01473802559091807,0.01811010668351104]}