{"test_acc":[0.85,0.905,0.783,0.707,0.904],"final_out_power":[2.2184129279142284,1.648947388167452,3.5101291973326894,3.786606095141436],"final_out_mse":[0.009232890309415272,0.004918722982052648,0.01246843033299593,0.017721046496203444],"mfr":[3.2307997395833334,3.497765625,1.9520684895833333,1.4582861979166668],"dynamics_power":[0.002744732310375814,0.0018637061257442808,0.004568341792869512,0.005242812211115654],"dynamics_mse":[0.00588053203608985,0.0036761966634708118,0.014227888319126396,0.015064955962709231]}