{"0.0":{"test_acc":[0.838,0.895],"final_out_power":[2.946337325037006],"final_out_mse":[0.010446083367182751],"mfr":[3.09588984375],"dynamics_power":[0.0026816010679257484],"dynamics_mse":[0.006018498580210149]},"0.01":{"test_acc":[0.785,0.896],"final_out_power":[3.6521006006776844],"final_out_mse":[0.013744900608213585],"mfr":[3.16217578125],"dynamics_power":[0.002844206603336474],"dynamics_mse":[0.0065353442808263]},"0.05":{"test_acc":[0.753,0.9],"final_out_power":[8.47430664782672],"final_out_mse":[0.08632265604654547],"mfr":[6.540190104166667],"dynamics_power":[0.004934166370553655],"dynamics_mse":[0.013970247042840118]},"0.1":{"test_acc":[0.634,0.895],"final_out_power":[10.499527264346614],"final_out_mse":[0.14004050518737257],"mfr":[10.38482734375],"dynamics_power":[0.007307879714160188],"dynamics_mse":[0.021554081836729577]}}