{"0.0":{"test_acc":[0.899,0.895],"final_out_power":[2.3532282324352822],"final_out_mse":[0.008679553264050075],"mfr":[7.134845833333332],"dynamics_power":[0.0028272570687345295],"dynamics_mse":[0.006739862979353072]},"0.01":{"test_acc":[0.871,0.896],"final_out_power":[2.0527064115649063],"final_out_mse":[0.00923829418206054],"mfr":[7.063284114583333],"dynamics_power":[0.00289121622797556],"dynamics_mse":[0.006945458904161773]},"0.05":{"test_acc":[0.751,0.9],"final_out_power":[9.763785990294696],"final_out_mse":[0.03594156151800533],"mfr":[11.673558072916666],"dynamics_power":[0.005334119041463542],"dynamics_mse":[0.013244579367940662]},"0.1":{"test_acc":[0.646,0.895],"final_out_power":[24.426606267376982],"final_out_mse":[0.07067337295404214],"mfr":[16.651338802083334],"dynamics_power":[0.009219112626829421],"dynamics_mse":[0.027504093440745246]}}