{"0.0":{"test_acc":[0.865,0.895],"final_out_power":[1.3672181740908123],"final_out_mse":[0.00626904103253227],"mfr":[3.122766927083333],"dynamics_power":[0.001957011648017902],"dynamics_mse":[0.004286986352139024]},"0.01":{"test_acc":[0.852,0.896],"final_out_power":[1.5953825921012394],"final_out_mse":[0.0067897026013465376],"mfr":[3.04021640625],"dynamics_power":[0.0020330800717540554],"dynamics_mse":[0.004560099977061133]},"0.05":{"test_acc":[0.801,0.9],"final_out_power":[3.799863978323589],"final_out_mse":[0.01493891494293333],"mfr":[3.7656270833333334],"dynamics_power":[0.00413348690473133],"dynamics_mse":[0.011036249242617585]},"0.1":{"test_acc":[0.689,0.895],"final_out_power":[5.762437223626155],"final_out_mse":[0.03243507693783376],"mfr":[7.725781770833334],"dynamics_power":[0.00778684257637588],"dynamics_mse":[0.026480430719915425]}}