{"0.0":{"test_acc":[0.884,0.895],"final_out_power":[1.5220955428538723],"final_out_mse":[0.005622769945245903],"mfr":[3.2665359374999996],"dynamics_power":[0.001916909457317081],"dynamics_mse":[0.00416720897224845]},"0.01":{"test_acc":[0.865,0.896],"final_out_power":[2.145547418112269],"final_out_mse":[0.007514233304117309],"mfr":[3.188072916666667],"dynamics_power":[0.002031995515216119],"dynamics_mse":[0.004464978024574275]},"0.05":{"test_acc":[0.79,0.9],"final_out_power":[7.695683382166808],"final_out_mse":[0.01933636880140053],"mfr":[3.746549739583333],"dynamics_power":[0.004011899904762229],"dynamics_mse":[0.01072457874438735]},"0.1":{"test_acc":[0.719,0.895],"final_out_power":[16.85359374863787],"final_out_mse":[0.03925596469147771],"mfr":[7.715258333333333],"dynamics_power":[0.007305327077351794],"dynamics_mse":[0.026383255485480702]}}