{"0.0":{"test_acc":[0.823,0.895],"final_out_power":[2.731490618032366],"final_out_mse":[0.009137489221643817],"mfr":[3.0674841145833334],"dynamics_power":[0.002616491407229966],"dynamics_mse":[0.00585573096978292]},"0.01":{"test_acc":[0.801,0.896],"final_out_power":[3.0640471981450257],"final_out_mse":[0.011212578638522512],"mfr":[3.156075],"dynamics_power":[0.0027316811322024752],"dynamics_mse":[0.006293192851404691]},"0.05":{"test_acc":[0.78,0.9],"final_out_power":[5.757749524825714],"final_out_mse":[0.04487394481553508],"mfr":[6.580057291666666],"dynamics_power":[0.004856444154798357],"dynamics_mse":[0.012257631018043483]},"0.1":{"test_acc":[0.66,0.895],"final_out_power":[9.42681332997304],"final_out_mse":[0.09356142300041652],"mfr":[10.454641145833335],"dynamics_power":[0.007219260069364316],"dynamics_mse":[0.019277062957175288]}}