{"0.0":{"test_acc":[0.869,0.895],"final_out_power":[1.6154501868709557],"final_out_mse":[0.00717700456486763],"mfr":[3.554246614583333],"dynamics_power":[0.0023506006067329096],"dynamics_mse":[0.005076701800538107]},"0.01":{"test_acc":[0.867,0.896],"final_out_power":[1.67693900270416],"final_out_mse":[0.007520564694334313],"mfr":[3.3865565104166673],"dynamics_power":[0.0023886408546804285],"dynamics_mse":[0.00503373732695999]},"0.05":{"test_acc":[0.8,0.9],"final_out_power":[7.655732610723675],"final_out_mse":[0.022542030110191028],"mfr":[3.907184895833333],"dynamics_power":[0.004158720400411469],"dynamics_mse":[0.010067474716232802]},"0.1":{"test_acc":[0.717,0.895],"final_out_power":[21.890201143146],"final_out_mse":[0.04874669784431582],"mfr":[8.0216625],"dynamics_power":[0.007668768331752551],"dynamics_mse":[0.02289735132349117]}}