{"0.0":{"test_acc":[0.828,0.895],"final_out_power":[1.8294804442202557],"final_out_mse":[0.00807013267462258],"mfr":[3.20597578125],"dynamics_power":[0.0026838084555183385],"dynamics_mse":[0.005897071984339731]},"0.01":{"test_acc":[0.792,0.896],"final_out_power":[3.116731434797826],"final_out_mse":[0.012195026299362647],"mfr":[3.2730341145833335],"dynamics_power":[0.002836779129387271],"dynamics_mse":[0.006398394182716289]},"0.05":{"test_acc":[0.771,0.9],"final_out_power":[4.238163464720151],"final_out_mse":[0.04355537489238304],"mfr":[6.64456875],"dynamics_power":[0.004815982019391225],"dynamics_mse":[0.013211556478474391]},"0.1":{"test_acc":[0.691,0.895],"final_out_power":[6.458287008892573],"final_out_mse":[0.08557280467715093],"mfr":[10.429622135416666],"dynamics_power":[0.007295960013512073],"dynamics_mse":[0.02016083423274288]}}