{"0.0":{"test_acc":[0.844,0.895],"final_out_power":[5.34857346160446],"final_out_mse":[0.022268435641054917],"mfr":[3.017045052083333],"dynamics_power":[0.0034389170469502606],"dynamics_mse":[0.009150889122498451]},"0.01":{"test_acc":[0.843,0.896],"final_out_power":[7.129193301300984],"final_out_mse":[0.033380184196928356],"mfr":[2.9931174479166667],"dynamics_power":[0.003475083064367143],"dynamics_mse":[0.009468430128062732]},"0.05":{"test_acc":[0.814,0.9],"final_out_power":[12.600802746454622],"final_out_mse":[0.0484896113579223],"mfr":[4.059138541666667],"dynamics_power":[0.004888560469511479],"dynamics_mse":[0.01569583307485574]},"0.1":{"test_acc":[0.751,0.895],"final_out_power":[15.894530779891394],"final_out_mse":[0.13720564570827282],"mfr":[7.710926041666665],"dynamics_power":[0.007768030298900156],"dynamics_mse":[0.03297613483093143]}}