{"0.0":{"test_acc":[0.813,0.895],"final_out_power":[1.794344922129626],"final_out_mse":[0.007993203396051871],"mfr":[3.113154166666667],"dynamics_power":[0.002682178740056995],"dynamics_mse":[0.006155731515723334]},"0.01":{"test_acc":[0.795,0.896],"final_out_power":[2.885927152773681],"final_out_mse":[0.011012193851457398],"mfr":[3.1462109375],"dynamics_power":[0.0028186217553467898],"dynamics_mse":[0.00691116217773582]},"0.05":{"test_acc":[0.771,0.9],"final_out_power":[3.5149155856420173],"final_out_mse":[0.03541564755344575],"mfr":[6.52457421875],"dynamics_power":[0.004644751156566141],"dynamics_mse":[0.012741154309894502]},"0.1":{"test_acc":[0.705,0.895],"final_out_power":[5.650503374172107],"final_out_mse":[0.07912792165805482],"mfr":[10.381306510416668],"dynamics_power":[0.006924864762263353],"dynamics_mse":[0.020183041050753824]}}