{"0.0":{"test_acc":[0.852,0.895],"final_out_power":[0.9799257133595255],"final_out_mse":[0.007470839632436675],"mfr":[2.945146875],"dynamics_power":[0.0021565600648817875],"dynamics_mse":[0.004692133779369618]},"0.01":{"test_acc":[0.838,0.896],"final_out_power":[1.2302621514725265],"final_out_mse":[0.007411498815160496],"mfr":[2.8368374999999997],"dynamics_power":[0.0022276840083943084],"dynamics_mse":[0.004948751596179282]},"0.05":{"test_acc":[0.79,0.9],"final_out_power":[3.6846409367587687],"final_out_mse":[0.015463331281817259],"mfr":[3.552371875],"dynamics_power":[0.004188078639355886],"dynamics_mse":[0.011032361366910172]},"0.1":{"test_acc":[0.701,0.895],"final_out_power":[6.514921207154616],"final_out_mse":[0.027753592182390388],"mfr":[7.4016166666666665],"dynamics_power":[0.007505481531089345],"dynamics_mse":[0.023580781177745494]}}