{"0.0":{"test_acc":[0.905,0.895],"final_out_power":[2.2617759202387395],"final_out_mse":[0.007786808446667211],"mfr":[8.439827083333334],"dynamics_power":[0.002826031693950516],"dynamics_mse":[0.006899039334763725]},"0.01":{"test_acc":[0.86,0.896],"final_out_power":[2.8335268873669412],"final_out_mse":[0.008770007014373127],"mfr":[8.375425260416666],"dynamics_power":[0.0028704889557407244],"dynamics_mse":[0.006975469137214824]},"0.05":{"test_acc":[0.698,0.9],"final_out_power":[13.139309727518267],"final_out_mse":[0.046980047441186175],"mfr":[12.339719010416667],"dynamics_power":[0.005640077987777819],"dynamics_mse":[0.013223402466544387]},"0.1":{"test_acc":[0.634,0.895],"final_out_power":[26.139223416948248],"final_out_mse":[0.06415005716734995],"mfr":[17.631982291666667],"dynamics_power":[0.010133934780277345],"dynamics_mse":[0.028774465295403496]}}