{"0.0":{"test_acc":[0.863,0.895],"final_out_power":[1.9303858037982318],"final_out_mse":[0.005980348296437996],"mfr":[3.174673958333334],"dynamics_power":[0.0019360765611238302],"dynamics_mse":[0.004158772615964054]},"0.01":{"test_acc":[0.853,0.896],"final_out_power":[2.1563094243813477],"final_out_mse":[0.0076479328906435004],"mfr":[3.048423697916667],"dynamics_power":[0.0020078402050341866],"dynamics_mse":[0.004375638224593438]},"0.05":{"test_acc":[0.788,0.9],"final_out_power":[8.320761656869864],"final_out_mse":[0.022142098214631797],"mfr":[3.7856703124999997],"dynamics_power":[0.004353958403468895],"dynamics_mse":[0.010740498182401801]},"0.1":{"test_acc":[0.728,0.895],"final_out_power":[22.999513351636118],"final_out_mse":[0.05709360304009915],"mfr":[7.8538453125],"dynamics_power":[0.007785601925086181],"dynamics_mse":[0.02275637668999478]}}