{"0.0":{"test_acc":[0.852,0.895],"final_out_power":[7.078996180126251],"final_out_mse":[0.05127835160114385],"mfr":[3.2676721354166665],"dynamics_power":[0.004113821069211392],"dynamics_mse":[0.010436110014580056]},"0.01":{"test_acc":[0.845,0.896],"final_out_power":[6.432639521387338],"final_out_mse":[0.040681137533607026],"mfr":[3.2421283854166667],"dynamics_power":[0.004266872704264724],"dynamics_mse":[0.010793652128351271]},"0.05":{"test_acc":[0.813,0.9],"final_out_power":[10.76732344293605],"final_out_mse":[0.05628895451041486],"mfr":[4.28773125],"dynamics_power":[0.005514734308518761],"dynamics_mse":[0.01737211090601562]},"0.1":{"test_acc":[0.72,0.895],"final_out_power":[12.296614018844972],"final_out_mse":[0.13017387355039908],"mfr":[7.634233854166667],"dynamics_power":[0.00805313229808603],"dynamics_mse":[0.03458701179203868]}}