{"0.0":{"test_acc":[0.802,0.895],"final_out_power":[2.1497719602748093],"final_out_mse":[0.009119571173293966],"mfr":[3.2532432291666664],"dynamics_power":[0.0026918372018507994],"dynamics_mse":[0.006070203169408972]},"0.01":{"test_acc":[0.785,0.896],"final_out_power":[2.9896771567595506],"final_out_mse":[0.012142862359600055],"mfr":[3.3631971354166668],"dynamics_power":[0.0027403382548515116],"dynamics_mse":[0.006207426333377236]},"0.05":{"test_acc":[0.736,0.9],"final_out_power":[3.1319902266060233],"final_out_mse":[0.04710219912106004],"mfr":[6.245457552083333],"dynamics_power":[0.004844473798150045],"dynamics_mse":[0.01269542483821688]},"0.1":{"test_acc":[0.681,0.895],"final_out_power":[4.207739318268929],"final_out_mse":[0.10127155765079544],"mfr":[9.9505234375],"dynamics_power":[0.007315148494781217],"dynamics_mse":[0.02040942962639331]}}