{"0.0":{"test_acc":[0.812,0.895],"final_out_power":[4.0921508596408005],"final_out_mse":[0.013563553801956105],"mfr":[3.083109895833333],"dynamics_power":[0.0027650187117949886],"dynamics_mse":[0.006551894695374878]},"0.01":{"test_acc":[0.8,0.896],"final_out_power":[4.389396762757222],"final_out_mse":[0.015196054065214293],"mfr":[3.2023351562499998],"dynamics_power":[0.002956818682697018],"dynamics_mse":[0.007338006223965568]},"0.05":{"test_acc":[0.795,0.9],"final_out_power":[6.779088110899652],"final_out_mse":[0.06553116125631632],"mfr":[6.3749697916666666],"dynamics_power":[0.004878742275003205],"dynamics_mse":[0.014468917147885792]},"0.1":{"test_acc":[0.642,0.895],"final_out_power":[13.533243263961802],"final_out_mse":[0.14833929647498037],"mfr":[10.121869270833333],"dynamics_power":[0.00715968393809022],"dynamics_mse":[0.02275765783098038]}}