{"0.0":{"test_acc":[0.798,0.895],"final_out_power":[3.990823757314785],"final_out_mse":[0.013331733007658466],"mfr":[3.3587588541666666],"dynamics_power":[0.002933226711143049],"dynamics_mse":[0.00748043635420248]},"0.01":{"test_acc":[0.75,0.896],"final_out_power":[5.374730136104043],"final_out_mse":[0.0203820471481794],"mfr":[3.54928359375],"dynamics_power":[0.003034031038997072],"dynamics_mse":[0.00792669074708743]},"0.05":{"test_acc":[0.783,0.9],"final_out_power":[4.992988186788732],"final_out_mse":[0.07639344259301936],"mfr":[6.352638020833334],"dynamics_power":[0.004897559250425963],"dynamics_mse":[0.013988312915244192]},"0.1":{"test_acc":[0.72,0.895],"final_out_power":[6.032579736048557],"final_out_mse":[0.13968566379557365],"mfr":[10.109437760416668],"dynamics_power":[0.007269836677068457],"dynamics_mse":[0.021861016578952785]}}