{"0.0":{"test_acc":[0.859,0.905],"final_out_power":[3.49762033449261],"final_out_mse":[0.017683076712552308],"final_out_mse_tgt":[0.02368099425745335],"mfr":[3.1337533854166666],"dynamics_power":[0.002662285302945062],"dynamics_mse":[0.005621896801071356]},"0.01":{"test_acc":[0.833,0.913],"final_out_power":[2.7402466340902794],"final_out_mse":[0.010224522618213171],"final_out_mse_tgt":[0.017889199038308958],"mfr":[3.2127270833333332],"dynamics_power":[0.002855448933881204],"dynamics_mse":[0.00611927581001624]},"0.05":{"test_acc":[0.708,0.907],"final_out_power":[7.552119412752986],"final_out_mse":[0.08720986690680871],"final_out_mse_tgt":[0.09814360444841962],"mfr":[6.505086979166666],"dynamics_power":[0.005200838494981127],"dynamics_mse":[0.015376308248642528]},"0.1":{"test_acc":[0.744,0.9],"final_out_power":[7.499818305741897],"final_out_mse":[0.1284740443216527],"final_out_mse_tgt":[0.13974681042840092],"mfr":[10.322449479166668],"dynamics_power":[0.007426533303612934],"dynamics_mse":[0.022767458116111645]}}