{"0.0":{"test_acc":[0.911,0.895],"final_out_power":[1.3163208524253807],"final_out_mse":[0.004491303547262216],"mfr":[3.4715677083333336],"dynamics_power":[0.0017882152628427394],"dynamics_mse":[0.0037471488234461776]},"0.01":{"test_acc":[0.891,0.896],"final_out_power":[1.4494908228275467],"final_out_mse":[0.005440236230208376],"mfr":[3.389358854166667],"dynamics_power":[0.0019098120065459696],"dynamics_mse":[0.003951696513930739]},"0.05":{"test_acc":[0.798,0.9],"final_out_power":[6.376583054189905],"final_out_mse":[0.01862597724527535],"mfr":[4.572526302083333],"dynamics_power":[0.004339935198447106],"dynamics_mse":[0.010284680138992855]},"0.1":{"test_acc":[0.617,0.895],"final_out_power":[24.366053117698474],"final_out_mse":[0.057697185671252406],"mfr":[9.58344583333333],"dynamics_power":[0.008598257189573728],"dynamics_mse":[0.023661327456275777]}}