{"0.0":{"test_acc":[0.836,0.905],"final_out_power":[1.7140344118114752],"final_out_mse":[0.008908689266891723],"final_out_mse_tgt":[0.01847147878992893],"mfr":[3.264757552083333],"dynamics_power":[0.002719657494193724],"dynamics_mse":[0.005812261688730071]},"0.01":{"test_acc":[0.842,0.913],"final_out_power":[2.0601712083664143],"final_out_mse":[0.00977121261843725],"final_out_mse_tgt":[0.018388631303350087],"mfr":[3.41618984375],"dynamics_power":[0.0027745134970720057],"dynamics_mse":[0.005901348911779294]},"0.05":{"test_acc":[0.748,0.907],"final_out_power":[3.071630386543628],"final_out_mse":[0.051436860299382006],"final_out_mse_tgt":[0.06296734711384538],"mfr":[6.220298958333333],"dynamics_power":[0.005094182152900597],"dynamics_mse":[0.013877709395484994]},"0.1":{"test_acc":[0.702,0.9],"final_out_power":[3.1342675351661593],"final_out_mse":[0.090788858723476],"final_out_mse_tgt":[0.10267315550150471],"mfr":[9.887630729166666],"dynamics_power":[0.007436714621601095],"dynamics_mse":[0.021372254290631058]}}