{"0.0":{"test_acc":[0.887,0.895],"final_out_power":[1.0581817270131224],"final_out_mse":[0.004878844617773236],"mfr":[3.3038533854166663],"dynamics_power":[0.0020417643100736475],"dynamics_mse":[0.004371044136353311]},"0.01":{"test_acc":[0.868,0.896],"final_out_power":[1.2503712344001983],"final_out_mse":[0.0061366364444410525],"mfr":[3.2041859375000006],"dynamics_power":[0.0022140422248705257],"dynamics_mse":[0.00468427868347045]},"0.05":{"test_acc":[0.777,0.9],"final_out_power":[6.899892789179261],"final_out_mse":[0.02101174001345279],"mfr":[3.854619010416667],"dynamics_power":[0.004214859617994235],"dynamics_mse":[0.009912651294794047]},"0.1":{"test_acc":[0.637,0.895],"final_out_power":[29.843713452229444],"final_out_mse":[0.07058390723502375],"mfr":[7.9893507812500015],"dynamics_power":[0.007840101173701274],"dynamics_mse":[0.02433605506744373]}}