{"0.0":{"test_acc":[0.867,0.905],"final_out_power":[1.8211367781105896],"final_out_mse":[0.009588750673529739],"final_out_mse_tgt":[0.016837796283792516],"mfr":[3.22426640625],"dynamics_power":[0.0026875087051960378],"dynamics_mse":[0.005569685540906246]},"0.01":{"test_acc":[0.861,0.913],"final_out_power":[2.2638247236824456],"final_out_mse":[0.009190709243325056],"final_out_mse_tgt":[0.015691697773105275],"mfr":[3.3242078124999996],"dynamics_power":[0.0027987386157417387],"dynamics_mse":[0.005910641723228913]},"0.05":{"test_acc":[0.79,0.907],"final_out_power":[3.728858986108398],"final_out_mse":[0.04385438031390571],"final_out_mse_tgt":[0.054455432551841786],"mfr":[6.608333854166667],"dynamics_power":[0.0050498389818582155],"dynamics_mse":[0.01422685879633677]},"0.1":{"test_acc":[0.704,0.9],"final_out_power":[4.964562179130511],"final_out_mse":[0.08269554482298992],"final_out_mse_tgt":[0.09407896605782198],"mfr":[10.358484114583334],"dynamics_power":[0.007386112185216564],"dynamics_mse":[0.020989797202850033]}}