{"0.0":{"test_acc":[0.818,0.895],"final_out_power":[2.3046275645508056],"final_out_mse":[0.008508152450352668],"mfr":[3.1785653645833336],"dynamics_power":[0.0027489185379814276],"dynamics_mse":[0.006243340912388499]},"0.01":{"test_acc":[0.791,0.896],"final_out_power":[3.9078175666716928],"final_out_mse":[0.013123717480820257],"mfr":[3.2106906250000002],"dynamics_power":[0.002909865953455768],"dynamics_mse":[0.006999471097406318]},"0.05":{"test_acc":[0.793,0.9],"final_out_power":[5.057372501484693],"final_out_mse":[0.055375780547529646],"mfr":[6.3860411458333335],"dynamics_power":[0.004900203988428615],"dynamics_mse":[0.011927864315592712]},"0.1":{"test_acc":[0.606,0.895],"final_out_power":[8.336756331387761],"final_out_mse":[0.12806559077908658],"mfr":[10.155734114583334],"dynamics_power":[0.0071817158536171335],"dynamics_mse":[0.018501224125094865]}}