{"0.0":{"test_acc":[0.882,0.905],"final_out_power":[1.8358842905336927],"final_out_mse":[0.008714904743572479],"final_out_mse_tgt":[0.016380606322520485],"mfr":[3.1166174479166666],"dynamics_power":[0.002638913227191286],"dynamics_mse":[0.005486622690679047]},"0.01":{"test_acc":[0.873,0.913],"final_out_power":[2.4092560522699786],"final_out_mse":[0.00936087288838917],"final_out_mse_tgt":[0.015985146620511283],"mfr":[3.2532867187499996],"dynamics_power":[0.0027895540714057763],"dynamics_mse":[0.005844946457182919]},"0.05":{"test_acc":[0.82,0.907],"final_out_power":[4.560294487744508],"final_out_mse":[0.04695313859254229],"final_out_mse_tgt":[0.05741597408172869],"mfr":[6.494226302083334],"dynamics_power":[0.005031174367796396],"dynamics_mse":[0.013235199847631792]},"0.1":{"test_acc":[0.742,0.9],"final_out_power":[6.829501977678972],"final_out_mse":[0.10790031662133351],"final_out_mse_tgt":[0.11881799989624961],"mfr":[10.2888984375],"dynamics_power":[0.007136898346193825],"dynamics_mse":[0.01926410877680314]}}