{"0.0":{"test_acc":[0.875,0.895],"final_out_power":[1.3542029233933863],"final_out_mse":[0.005122033583219057],"mfr":[3.139763020833333],"dynamics_power":[0.0018878015160079269],"dynamics_mse":[0.004017295455887505]},"0.01":{"test_acc":[0.852,0.896],"final_out_power":[2.6669933039750497],"final_out_mse":[0.010580732750182438],"mfr":[3.0024078124999996],"dynamics_power":[0.0020113452857567],"dynamics_mse":[0.004356172869559191]},"0.05":{"test_acc":[0.813,0.9],"final_out_power":[6.419206844399531],"final_out_mse":[0.020038742072543927],"mfr":[3.6810614583333336],"dynamics_power":[0.004262582289392062],"dynamics_mse":[0.011299879002272419]},"0.1":{"test_acc":[0.695,0.895],"final_out_power":[19.831645051430467],"final_out_mse":[0.06589539913671186],"mfr":[7.71434296875],"dynamics_power":[0.007738110247532031],"dynamics_mse":[0.024069364446836435]}}