{"0.0":{"test_acc":[0.906,0.895],"final_out_power":[1.4526878420508296],"final_out_mse":[0.004958707884662058],"mfr":[3.3792625000000003],"dynamics_power":[0.0018615616210299881],"dynamics_mse":[0.003843230039282277]},"0.01":{"test_acc":[0.876,0.896],"final_out_power":[1.4698631113720675],"final_out_mse":[0.0063802952633444186],"mfr":[3.3025846354166664],"dynamics_power":[0.0019197938365323906],"dynamics_mse":[0.003990054792023156]},"0.05":{"test_acc":[0.761,0.9],"final_out_power":[14.440693702391625],"final_out_mse":[0.03736634250803526],"mfr":[4.455046354166667],"dynamics_power":[0.004403907684631006],"dynamics_mse":[0.010064942951094854]},"0.1":{"test_acc":[0.609,0.895],"final_out_power":[37.809847990446116],"final_out_mse":[0.07917569163770558],"mfr":[9.494747135416667],"dynamics_power":[0.008349521630976008],"dynamics_mse":[0.02299940997330854]}}