{"0.0":{"test_acc":[0.907,0.895],"final_out_power":[2.021579492349686],"final_out_mse":[0.006312652279990487],"mfr":[5.927702083333333],"dynamics_power":[0.002440158628640585],"dynamics_mse":[0.005514804868563192]},"0.01":{"test_acc":[0.875,0.896],"final_out_power":[1.770208694259565],"final_out_mse":[0.007283159025677081],"mfr":[5.887543489583333],"dynamics_power":[0.002549585582288839],"dynamics_mse":[0.005687333890471143]},"0.05":{"test_acc":[0.76,0.9],"final_out_power":[15.297833516753801],"final_out_mse":[0.039267696434205246],"mfr":[8.871716666666668],"dynamics_power":[0.005459380268712435],"dynamics_mse":[0.012515920449522473]},"0.1":{"test_acc":[0.585,0.895],"final_out_power":[23.175586303002607],"final_out_mse":[0.07121331307987656],"mfr":[14.649716145833333],"dynamics_power":[0.009926441699712192],"dynamics_mse":[0.03179840614266806]}}