{"0.0":{"test_acc":[0.878,0.895],"final_out_power":[1.3712453366172896],"final_out_mse":[0.006655083177879172],"mfr":[3.26982578125],"dynamics_power":[0.002359423119461862],"dynamics_mse":[0.005053813999540701]},"0.01":{"test_acc":[0.842,0.896],"final_out_power":[1.8672837344709483],"final_out_mse":[0.010558908156000128],"mfr":[3.1701945312500004],"dynamics_power":[0.0025136536632625857],"dynamics_mse":[0.005301591710227667]},"0.05":{"test_acc":[0.761,0.9],"final_out_power":[8.6577394455828],"final_out_mse":[0.026487205803815656],"mfr":[3.8306432291666663],"dynamics_power":[0.004155782021329637],"dynamics_mse":[0.009435419993369493]},"0.1":{"test_acc":[0.659,0.895],"final_out_power":[19.45354934265786],"final_out_mse":[0.056427010638989465],"mfr":[7.824833333333334],"dynamics_power":[0.007345101633422118],"dynamics_mse":[0.020955031522046134]}}