{"0.0":{"test_acc":[0.873,0.905],"final_out_power":[2.077646108047447],"final_out_mse":[0.009217138476641835],"final_out_mse_tgt":[0.016710165549390487],"mfr":[3.13312109375],"dynamics_power":[0.00268646403887657],"dynamics_mse":[0.0058240506998207655]},"0.01":{"test_acc":[0.838,0.913],"final_out_power":[1.743513951235605],"final_out_mse":[0.008046107034496503],"final_out_mse_tgt":[0.017019603345004887],"mfr":[3.184709114583333],"dynamics_power":[0.0028085918110075736],"dynamics_mse":[0.006387493009106243]},"0.05":{"test_acc":[0.798,0.907],"final_out_power":[3.0254131100861916],"final_out_mse":[0.03422258863789219],"final_out_mse_tgt":[0.045570218360831534],"mfr":[6.4916921875],"dynamics_power":[0.004947234405927136],"dynamics_mse":[0.014189576278885797]},"0.1":{"test_acc":[0.712,0.9],"final_out_power":[3.821162649112265],"final_out_mse":[0.06494315820509787],"final_out_mse_tgt":[0.07666519803004124],"mfr":[10.314350260416665],"dynamics_power":[0.007092496503725665],"dynamics_mse":[0.021354524631205442]}}