{"0.0":{"test_acc":[0.826,0.905],"final_out_power":[3.69834870254247],"final_out_mse":[0.016247709641708373],"final_out_mse_tgt":[0.023715469122589084],"mfr":[3.3596463541666672],"dynamics_power":[0.002879318947576259],"dynamics_mse":[0.007061659048964941]},"0.01":{"test_acc":[0.809,0.913],"final_out_power":[4.692741018177794],"final_out_mse":[0.02054982782956335],"final_out_mse_tgt":[0.026636197618458552],"mfr":[3.5864609375],"dynamics_power":[0.00299380688404228],"dynamics_mse":[0.007473431524096231]},"0.05":{"test_acc":[0.766,0.907],"final_out_power":[4.755564373916275],"final_out_mse":[0.08482899475092304],"final_out_mse_tgt":[0.09470526496229122],"mfr":[6.329587239583333],"dynamics_power":[0.005134589288038864],"dynamics_mse":[0.01530113521694909]},"0.1":{"test_acc":[0.649,0.9],"final_out_power":[5.061407224146562],"final_out_mse":[0.1470218649274468],"final_out_mse_tgt":[0.157130629531573],"mfr":[10.046769791666668],"dynamics_power":[0.007312295652862722],"dynamics_mse":[0.02286592047164441]}}