{"0.0":{"test_acc":[0.875,0.905],"final_out_power":[1.6664764913919838],"final_out_mse":[0.007326948061750162],"final_out_mse_tgt":[0.01626398627825619],"mfr":[4.200105989583333],"dynamics_power":[0.002467337217625505],"dynamics_mse":[0.0050294960553603045]},"0.01":{"test_acc":[0.873,0.913],"final_out_power":[2.7077507647029453],"final_out_mse":[0.00979814782019965],"final_out_mse_tgt":[0.017239013151172714],"mfr":[4.469426041666667],"dynamics_power":[0.0026900828482245725],"dynamics_mse":[0.005481311205191394]},"0.05":{"test_acc":[0.786,0.907],"final_out_power":[5.817694765146308],"final_out_mse":[0.028592599033473554],"final_out_mse_tgt":[0.03975000524453654],"mfr":[6.796208593749999],"dynamics_power":[0.005051147636667156],"dynamics_mse":[0.01282598231720499]},"0.1":{"test_acc":[0.711,0.9],"final_out_power":[10.417605958843597],"final_out_mse":[0.05001350945769785],"final_out_mse_tgt":[0.0623109995541971],"mfr":[10.544394791666665],"dynamics_power":[0.007386467526847366],"dynamics_mse":[0.018727200982260696]}}