{"0.0":{"test_acc":[0.897,0.895],"final_out_power":[2.573781754182538],"final_out_mse":[0.008696589809824027],"mfr":[3.5347927083333333],"dynamics_power":[0.002129859262633526],"dynamics_mse":[0.004679945089933142]},"0.01":{"test_acc":[0.891,0.896],"final_out_power":[2.7708989849382273],"final_out_mse":[0.010730753261943667],"mfr":[3.472664583333333],"dynamics_power":[0.002210006898966429],"dynamics_mse":[0.004850167364927442]},"0.05":{"test_acc":[0.822,0.9],"final_out_power":[11.545839627578248],"final_out_mse":[0.030724276548348285],"mfr":[4.554910677083333],"dynamics_power":[0.004359638881216096],"dynamics_mse":[0.012295266858670918]},"0.1":{"test_acc":[0.677,0.895],"final_out_power":[52.44885844434296],"final_out_mse":[0.11402888552657896],"mfr":[9.4522234375],"dynamics_power":[0.008431400443072863],"dynamics_mse":[0.026859536922625764]}}