{"0.0":{"test_acc":[0.86,0.905],"final_out_power":[1.780046001562063],"final_out_mse":[0.008000668401236106],"final_out_mse_tgt":[0.016459232116299936],"mfr":[3.210406770833333],"dynamics_power":[0.002695582667548754],"dynamics_mse":[0.005721976992764262]},"0.01":{"test_acc":[0.831,0.913],"final_out_power":[2.1092083142413487],"final_out_mse":[0.008260271913774157],"final_out_mse_tgt":[0.016188092784889484],"mfr":[3.25505],"dynamics_power":[0.002868362327828093],"dynamics_mse":[0.006343258885753121]},"0.05":{"test_acc":[0.813,0.907],"final_out_power":[3.7775797000381703],"final_out_mse":[0.046435636601085704],"final_out_mse_tgt":[0.056893261860769824],"mfr":[6.366740104166667],"dynamics_power":[0.005096861832850316],"dynamics_mse":[0.012803320798253044]},"0.1":{"test_acc":[0.734,0.9],"final_out_power":[5.707565907062797],"final_out_mse":[0.11164799074992031],"final_out_mse_tgt":[0.12277156761042625],"mfr":[10.093887760416667],"dynamics_power":[0.007258301113072189],"dynamics_mse":[0.01917921319900286]}}