{"0.0":{"test_acc":[0.862,0.905],"final_out_power":[3.106329936560085],"final_out_mse":[0.013664767003767302],"final_out_mse_tgt":[0.02009697131702101],"mfr":[3.1201833333333333],"dynamics_power":[0.002730764493069531],"dynamics_mse":[0.00606134516995488]},"0.01":{"test_acc":[0.858,0.913],"final_out_power":[3.3236669493782185],"final_out_mse":[0.012314779368081152],"final_out_mse_tgt":[0.018668835105509728],"mfr":[3.234647395833333],"dynamics_power":[0.0028895696109608802],"dynamics_mse":[0.006619072270615501]},"0.05":{"test_acc":[0.828,0.907],"final_out_power":[5.367242450509751],"final_out_mse":[0.058092201886784454],"final_out_mse_tgt":[0.06796261486702025],"mfr":[6.340263802083333],"dynamics_power":[0.005185586353199095],"dynamics_mse":[0.015845624993768504]},"0.1":{"test_acc":[0.643,0.9],"final_out_power":[10.670818533780666],"final_out_mse":[0.1451429228065279],"final_out_mse_tgt":[0.15442729187889206],"mfr":[10.054858072916668],"dynamics_power":[0.007307341439865675],"dynamics_mse":[0.024087101511030298]}}