{"0.0":{"test_acc":[0.897,0.895],"final_out_power":[1.2885038606792887],"final_out_mse":[0.0049360346705803314],"mfr":[3.411635416666667],"dynamics_power":[0.0018185203799870905],"dynamics_mse":[0.0038651134200914407]},"0.01":{"test_acc":[0.889,0.896],"final_out_power":[1.4898198986414508],"final_out_mse":[0.0057283463622137525],"mfr":[3.307831510416667],"dynamics_power":[0.0019439704511559363],"dynamics_mse":[0.004129388547992804]},"0.05":{"test_acc":[0.756,0.9],"final_out_power":[11.60080469806222],"final_out_mse":[0.03032743442633852],"mfr":[4.5517841145833335],"dynamics_power":[0.004648747855211255],"dynamics_mse":[0.011863547288329513]},"0.1":{"test_acc":[0.599,0.895],"final_out_power":[22.2884929343142],"final_out_mse":[0.059725233316764194],"mfr":[9.968877083333332],"dynamics_power":[0.008970625958609082],"dynamics_mse":[0.027402238544200017]}}