{"0.0":{"test_acc":[0.881,0.895],"final_out_power":[3.3440471405048897],"final_out_mse":[0.011274415507711993],"mfr":[12.047244791666667],"dynamics_power":[0.0037426411469616435],"dynamics_mse":[0.008917135527337262]},"0.01":{"test_acc":[0.867,0.896],"final_out_power":[3.356835937924819],"final_out_mse":[0.012021976449269403],"mfr":[12.059396614583335],"dynamics_power":[0.0038288674482407367],"dynamics_mse":[0.009013091717026942]},"0.05":{"test_acc":[0.644,0.9],"final_out_power":[12.959902286836082],"final_out_mse":[0.0396316053663916],"mfr":[16.369546874999997],"dynamics_power":[0.0072072996342683465],"dynamics_mse":[0.016393237345762438]},"0.1":{"test_acc":[0.498,0.895],"final_out_power":[25.6305036026304],"final_out_mse":[0.06528755791364503],"mfr":[22.649955989583333],"dynamics_power":[0.011491522929198396],"dynamics_mse":[0.02968437900415659]}}