{"0.0":{"test_acc":[0.905,0.895],"final_out_power":[1.735995026540492],"final_out_mse":[0.007889489964587097],"mfr":[6.111206770833332],"dynamics_power":[0.0026288889868319636],"dynamics_mse":[0.005707512277764318]},"0.01":{"test_acc":[0.879,0.896],"final_out_power":[1.8365505683788246],"final_out_mse":[0.008588971163854254],"mfr":[6.092047916666666],"dynamics_power":[0.00271037249985977],"dynamics_mse":[0.0058438935089546095]},"0.05":{"test_acc":[0.673,0.9],"final_out_power":[7.6526563847834295],"final_out_mse":[0.026691190036044254],"mfr":[8.972008854166667],"dynamics_power":[0.005499832759177307],"dynamics_mse":[0.012309771433565672]},"0.1":{"test_acc":[0.568,0.895],"final_out_power":[13.259887762428157],"final_out_mse":[0.04750094439643211],"mfr":[14.5396625],"dynamics_power":[0.009938575694733354],"dynamics_mse":[0.030584873983759253]}}