{"0.0":{"test_acc":[0.856,0.905],"final_out_power":[2.0292325900176937],"final_out_mse":[0.008836602322240462],"final_out_mse_tgt":[0.017372889752405196],"mfr":[3.1246643229166664],"dynamics_power":[0.0026279142473189564],"dynamics_mse":[0.00549586255231856]},"0.01":{"test_acc":[0.849,0.913],"final_out_power":[1.9474081840384716],"final_out_mse":[0.008331606046540312],"final_out_mse_tgt":[0.01720389806201917],"mfr":[3.2263825520833334],"dynamics_power":[0.002736971265218906],"dynamics_mse":[0.005844336936752752]},"0.05":{"test_acc":[0.798,0.907],"final_out_power":[4.474122743083765],"final_out_mse":[0.03950030729119135],"final_out_mse_tgt":[0.050969407101099325],"mfr":[6.558209114583333],"dynamics_power":[0.005096310828712264],"dynamics_mse":[0.013262057702796627]},"0.1":{"test_acc":[0.725,0.9],"final_out_power":[6.881683542763845],"final_out_mse":[0.08522260898609421],"final_out_mse_tgt":[0.09648538871334324],"mfr":[10.392575260416667],"dynamics_power":[0.00727670489788283],"dynamics_mse":[0.020062330761841714]}}