{"0.0":{"test_acc":[0.85,0.895],"final_out_power":[2.0578619254390027],"final_out_mse":[0.008068654030855818],"mfr":[3.0863731770833334],"dynamics_power":[0.002621417374142313],"dynamics_mse":[0.005785777973603318]},"0.01":{"test_acc":[0.817,0.896],"final_out_power":[2.9462144244588906],"final_out_mse":[0.01099223666069111],"mfr":[3.20661015625],"dynamics_power":[0.0028150485668203863],"dynamics_mse":[0.006357172872234943]},"0.05":{"test_acc":[0.793,0.9],"final_out_power":[5.416139827992376],"final_out_mse":[0.049524628433508654],"mfr":[6.523242447916665],"dynamics_power":[0.004768891033791743],"dynamics_mse":[0.012120512313730004]},"0.1":{"test_acc":[0.634,0.895],"final_out_power":[10.148613526578231],"final_out_mse":[0.13017067806148178],"mfr":[10.352080989583333],"dynamics_power":[0.007035925001842312],"dynamics_mse":[0.018432364116646928]}}