{"0.0":{"test_acc":[0.898,0.895],"final_out_power":[1.6214711809514475],"final_out_mse":[0.005189881162572465],"mfr":[3.52389921875],"dynamics_power":[0.0018533963760191518],"dynamics_mse":[0.0038198930677102124]},"0.01":{"test_acc":[0.873,0.896],"final_out_power":[1.875496077894812],"final_out_mse":[0.006626748850293119],"mfr":[3.4625802083333337],"dynamics_power":[0.001986451958184265],"dynamics_mse":[0.00406703153134973]},"0.05":{"test_acc":[0.718,0.9],"final_out_power":[12.534290169891023],"final_out_mse":[0.029413663985261955],"mfr":[4.498461197916667],"dynamics_power":[0.004803561824321546],"dynamics_mse":[0.012629257424555292]},"0.1":{"test_acc":[0.59,0.895],"final_out_power":[29.04936655540198],"final_out_mse":[0.06677920537953994],"mfr":[9.736058072916666],"dynamics_power":[0.008900812543947471],"dynamics_mse":[0.031979948868923816]}}