{"0.0":{"test_acc":[0.901,0.905],"final_out_mse":[0.031876254826784134]},"0.01":{"test_acc":[0.9,0.914],"final_out_mse":[0.02448321506381035]},"0.05":{"test_acc":[0.814,0.904],"final_out_mse":[0.07255962491035461]},"0.1":{"test_acc":[0.551,0.9],"final_out_mse":[0.06783972680568695]}}