{"0.0":{"test_acc":[0.903,0.905],"final_out_mse":[0.01406635157763958]},"0.01":{"test_acc":[0.907,0.914],"final_out_mse":[0.012316152453422546]},"0.05":{"test_acc":[0.826,0.904],"final_out_mse":[0.04226640239357948]},"0.1":{"test_acc":[0.69,0.9],"final_out_mse":[0.06616862118244171]}}