{"0.0":{"test_acc":[0.793,0.905],"final_out_mse":[0.027681579813361168]},"0.01":{"test_acc":[0.792,0.914],"final_out_mse":[0.02804693765938282]},"0.05":{"test_acc":[0.535,0.904],"final_out_mse":[0.04728519171476364]},"0.1":{"test_acc":[0.517,0.9],"final_out_mse":[0.05180059000849724]}}