{"0.0":{"test_acc":[0.88,0.905],"final_out_mse":[0.021833594888448715]},"0.01":{"test_acc":[0.85,0.914],"final_out_mse":[0.0233731959015131]},"0.05":{"test_acc":[0.535,0.904],"final_out_mse":[0.0444953627884388]},"0.1":{"test_acc":[0.517,0.9],"final_out_mse":[0.050632037222385406]}}