{"0.0":{"test_acc":[0.896,0.905],"final_out_mse":[0.02158075012266636]},"0.01":{"test_acc":[0.899,0.914],"final_out_mse":[0.023031583055853844]},"0.05":{"test_acc":[0.753,0.904],"final_out_mse":[0.03251459822058678]},"0.1":{"test_acc":[0.634,0.9],"final_out_mse":[0.048226431012153625]}}