{"0.0":{"test_acc":[0.87,0.905],"final_out_mse":[0.018420778214931488]},"0.01":{"test_acc":[0.887,0.914],"final_out_mse":[0.016931816935539246]},"0.05":{"test_acc":[0.697,0.904],"final_out_mse":[0.047374144196510315]},"0.1":{"test_acc":[0.548,0.9],"final_out_mse":[0.0610988475382328]}}