{"0.0":{"test_acc":[0.892,0.905],"final_out_mse":[0.022309327498078346]},"0.01":{"test_acc":[0.895,0.914],"final_out_mse":[0.02286471240222454]},"0.05":{"test_acc":[0.567,0.904],"final_out_mse":[0.05124356225132942]},"0.1":{"test_acc":[0.524,0.9],"final_out_mse":[0.06176823750138283]}}