{"0.0":{"test_acc":[0.871,0.905],"final_out_mse":[0.019849037751555443]},"0.01":{"test_acc":[0.891,0.914],"final_out_mse":[0.026302319020032883]},"0.05":{"test_acc":[0.832,0.904],"final_out_mse":[0.042929891496896744]},"0.1":{"test_acc":[0.56,0.9],"final_out_mse":[0.04262426123023033]}}