{"0.0":{"test_acc":[0.867,0.905],"final_out_mse":[0.03296820819377899]},"0.01":{"test_acc":[0.88,0.914],"final_out_mse":[0.02965877763926983]},"0.05":{"test_acc":[0.842,0.904],"final_out_mse":[0.062186598777770996]},"0.1":{"test_acc":[0.666,0.9],"final_out_mse":[0.09564545005559921]}}