{"0.0":{"test_acc":[0.902,0.905],"final_out_mse":[0.01878616400063038]},"0.01":{"test_acc":[0.886,0.914],"final_out_mse":[0.01243141945451498]},"0.05":{"test_acc":[0.866,0.904],"final_out_mse":[0.07833749055862427]},"0.1":{"test_acc":[0.754,0.9],"final_out_mse":[0.10372184216976166]}}