{"0.0":{"test_acc":[0.901,0.905],"final_out_power":[0.6379944086074829],"final_out_mse":[0.002217694651335478],"final_out_mse_tgt":[0.011301880734347779],"mfr":[26.886645572916667],"dynamics_power":[0.0008816584595479071],"dynamics_mse":[0.0015745036071166396]},"0.01":{"test_acc":[0.89,0.913],"final_out_power":[0.5035686492919922],"final_out_mse":[0.00261138123460114],"final_out_mse_tgt":[0.013031583398094508],"mfr":[27.435965104166666],"dynamics_power":[0.0010106625268235803],"dynamics_mse":[0.001725682057440281]},"0.05":{"test_acc":[0.865,0.907],"final_out_power":[2.09846830368042],"final_out_mse":[0.008829494938254356],"final_out_mse_tgt":[0.021776620090363186],"mfr":[32.68471666666667],"dynamics_power":[0.0022884225472807884],"dynamics_mse":[0.0052248588763177395]},"0.1":{"test_acc":[0.802,0.9],"final_out_power":[17.234577178955078],"final_out_mse":[0.04711043834686279],"final_out_mse_tgt":[0.0610948905771965],"mfr":[39.260533333333335],"dynamics_power":[0.0041796620935201645],"dynamics_mse":[0.010725236497819424]}}