{"0.0":{"test_acc":[0.904,0.905],"final_out_power":[0.5374292135238647],"final_out_mse":[0.002477620029821992],"mfr":[27.924649479166668],"dynamics_power":[0.0009202716173604131],"dynamics_mse":[0.001668337150476873]},"0.01":{"test_acc":[0.906,0.913],"final_out_power":[0.4717161953449249],"final_out_mse":[0.002374775940552354],"mfr":[28.31283411458333],"dynamics_power":[0.000999951851554215],"dynamics_mse":[0.0016977200284600258]},"0.05":{"test_acc":[0.868,0.907],"final_out_power":[6.2019171714782715],"final_out_mse":[0.03337709978222847],"mfr":[32.84089036458334],"dynamics_power":[0.0023828628472983837],"dynamics_mse":[0.0053380271419882774]},"0.1":{"test_acc":[0.811,0.9],"final_out_power":[30.717378616333008],"final_out_mse":[0.0933263972401619],"mfr":[39.12085546875],"dynamics_power":[0.004280388355255127],"dynamics_mse":[0.010599587112665176]}}