{"0.0":{"test_acc":[0.917,0.905],"final_out_power":[0.5841193199157715],"final_out_mse":[0.0020422276575118303],"mfr":[27.9919375],"dynamics_power":[0.0008466607541777194],"dynamics_mse":[0.0015007369220256805]},"0.01":{"test_acc":[0.903,0.913],"final_out_power":[0.7082059383392334],"final_out_mse":[0.0024007565807551146],"mfr":[28.47952239583333],"dynamics_power":[0.0009656883194111288],"dynamics_mse":[0.0016259322874248028]},"0.05":{"test_acc":[0.88,0.907],"final_out_power":[2.2262918949127197],"final_out_mse":[0.008065598085522652],"mfr":[33.280788802083336],"dynamics_power":[0.002196521731093526],"dynamics_mse":[0.005083674564957619]},"0.1":{"test_acc":[0.813,0.9],"final_out_power":[15.028960227966309],"final_out_mse":[0.04297664761543274],"mfr":[39.56004375],"dynamics_power":[0.004314925987273455],"dynamics_mse":[0.010932525619864464]}}