{"0.0":{"test_acc":[0.924,0.905],"final_out_power":[0.46177616715431213],"final_out_mse":[0.0019434861605986953],"final_out_mse_tgt":[0.010776771351250509],"mfr":[28.437086718750002],"dynamics_power":[0.0008281929767690599],"dynamics_mse":[0.0014924976276233792]},"0.01":{"test_acc":[0.896,0.913],"final_out_power":[0.8024563789367676],"final_out_mse":[0.003849486820399761],"final_out_mse_tgt":[0.012443863013333356],"mfr":[28.946129947916667],"dynamics_power":[0.0009578666067682207],"dynamics_mse":[0.001641294453293085]},"0.05":{"test_acc":[0.881,0.907],"final_out_power":[3.747434139251709],"final_out_mse":[0.01674499176442623],"final_out_mse_tgt":[0.027858609894487137],"mfr":[33.82982239583334],"dynamics_power":[0.002202283591032028],"dynamics_mse":[0.004975949879735708]},"0.1":{"test_acc":[0.826,0.9],"final_out_power":[25.745973587036133],"final_out_mse":[0.0754488855600357],"final_out_mse_tgt":[0.08870706728581755],"mfr":[40.08958359374999],"dynamics_power":[0.004228308331221342],"dynamics_mse":[0.010390764102339745]}}