{"0.0":{"test_acc":[0.912,0.905],"final_out_power":[0.6103003025054932],"final_out_mse":[0.0020073354244232178],"final_out_mse_tgt":[0.011163097769066313],"mfr":[29.5818046875],"dynamics_power":[0.000843101239297539],"dynamics_mse":[0.0015062653692439198]},"0.01":{"test_acc":[0.907,0.913],"final_out_power":[0.6331284046173096],"final_out_mse":[0.0021859360858798027],"final_out_mse_tgt":[0.011477942713389724],"mfr":[30.000757031250004],"dynamics_power":[0.0009831584757193923],"dynamics_mse":[0.0016612679464742541]},"0.05":{"test_acc":[0.862,0.907],"final_out_power":[3.9408140182495117],"final_out_mse":[0.014678402803838253],"final_out_mse_tgt":[0.027243105199313666],"mfr":[34.35683046875],"dynamics_power":[0.002388850785791874],"dynamics_mse":[0.005504211410880089]},"0.1":{"test_acc":[0.755,0.9],"final_out_power":[27.290603637695312],"final_out_mse":[0.07139652967453003],"final_out_mse_tgt":[0.08628778171312347],"mfr":[40.2492890625],"dynamics_power":[0.004383966326713562],"dynamics_mse":[0.011116002686321735]}}