{"0.0":{"test_acc":[0.902,0.905],"final_out_power":[0.5553695559501648],"final_out_mse":[0.0020553527865558863],"final_out_mse_tgt":[0.01164914522005792],"mfr":[27.757934635416667],"dynamics_power":[0.0008594853570684791],"dynamics_mse":[0.0015477788401767612]},"0.01":{"test_acc":[0.894,0.913],"final_out_power":[0.5652613043785095],"final_out_mse":[0.002099281409755349],"final_out_mse_tgt":[0.011918673340757404],"mfr":[28.211749739583333],"dynamics_power":[0.000946103478781879],"dynamics_mse":[0.0016127037815749645]},"0.05":{"test_acc":[0.881,0.907],"final_out_power":[2.5831220149993896],"final_out_mse":[0.010781904682517052],"final_out_mse_tgt":[0.022429182774468814],"mfr":[33.18468567708332],"dynamics_power":[0.00230637495405972],"dynamics_mse":[0.004975093062967062]},"0.1":{"test_acc":[0.82,0.9],"final_out_power":[21.5967960357666],"final_out_mse":[0.058229710906744],"final_out_mse_tgt":[0.07090575423393826],"mfr":[39.5333953125],"dynamics_power":[0.0042551439255476],"dynamics_mse":[0.010118022561073303]}}