{"0.0":{"test_acc":[0.911,0.905],"final_out_power":[0.558809220790863],"final_out_mse":[0.0021368723828345537],"final_out_mse_tgt":[0.01163443130245723],"mfr":[29.337098958333335],"dynamics_power":[0.0008572408114559948],"dynamics_mse":[0.0015672716544941068]},"0.01":{"test_acc":[0.898,0.913],"final_out_power":[0.48597490787506104],"final_out_mse":[0.002233589068055153],"final_out_mse_tgt":[0.012172194591706325],"mfr":[29.67766067708333],"dynamics_power":[0.0009611562709324062],"dynamics_mse":[0.0016393773257732391]},"0.05":{"test_acc":[0.867,0.907],"final_out_power":[2.9615588188171387],"final_out_mse":[0.012523929588496685],"final_out_mse_tgt":[0.02460069465400715],"mfr":[33.88151171875],"dynamics_power":[0.002360193757340312],"dynamics_mse":[0.005474186036735773]},"0.1":{"test_acc":[0.816,0.9],"final_out_power":[23.8953914642334],"final_out_mse":[0.07128888368606567],"final_out_mse_tgt":[0.08514469176911207],"mfr":[39.97295755208333],"dynamics_power":[0.0042809792794287205],"dynamics_mse":[0.010491374880075455]}}