{"0.0":{"test_acc":[0.882],"final_out_mse":[0.016000813660931222],"mfr":[109.3570125]},"0.01":{"test_acc":[0.841],"final_out_mse":[0.018016008774108173],"mfr":[105.37134479166666]},"0.05":{"test_acc":[0.574],"final_out_mse":[0.07431047493853768],"mfr":[104.55651354166667]},"0.1":{"test_acc":[0.478],"final_out_mse":[23.476782678181976],"mfr":[114.90856145833334]}}