{"0.0":{"test_acc":[0.893],"final_out_mse":[0.018584302591631515],"mfr":[127.15472604166665]},"0.01":{"test_acc":[0.861],"final_out_mse":[0.01916897958943322],"mfr":[122.53368854166666]},"0.05":{"test_acc":[0.735],"final_out_mse":[0.07206527675210452],"mfr":[120.89955755208332]},"0.1":{"test_acc":[0.593],"final_out_mse":[0.3747018738578304],"mfr":[130.73447135416666]}}