{"0.0":{"test_acc":[0.891],"final_out_mse":[0.016353197998569803],"mfr":[131.2433065104167]},"0.01":{"test_acc":[0.85],"final_out_mse":[0.0238390718996231],"mfr":[126.41793333333334]},"0.05":{"test_acc":[0.699],"final_out_mse":[0.05560605705566158],"mfr":[124.58350546875]},"0.1":{"test_acc":[0.561],"final_out_mse":[0.23857911417915137],"mfr":[134.30846979166665]}}