{"0.0":{"test_acc":[0.883],"final_out_mse":[0.015646952085335914],"mfr":[126.30371145833332]},"0.01":{"test_acc":[0.858],"final_out_mse":[0.018815800802209785],"mfr":[121.70155598958334]},"0.05":{"test_acc":[0.683],"final_out_mse":[0.048830841137840406],"mfr":[120.07366406249999]},"0.1":{"test_acc":[0.478],"final_out_mse":[0.5484402310157825],"mfr":[129.88341692708335]}}