{"0.0":{"test_acc":[0.89],"final_out_mse":[0.015163796819682357],"mfr":[127.05140677083332]},"0.01":{"test_acc":[0.868],"final_out_mse":[0.019498228068080117],"mfr":[122.47085286458334]},"0.05":{"test_acc":[0.719],"final_out_mse":[0.05829212220767427],"mfr":[120.82940885416667]},"0.1":{"test_acc":[0.478],"final_out_mse":[0.5199985346275553],"mfr":[130.68457031249997]}}