{"0.0":{"test_acc":[0.875],"final_out_mse":[0.015268226544159576],"mfr":[127.12273541666666]},"0.01":{"test_acc":[0.854],"final_out_mse":[0.023687195860657886],"mfr":[122.47949114583334]},"0.05":{"test_acc":[0.741],"final_out_mse":[0.03648381391660896],"mfr":[120.87194036458334]},"0.1":{"test_acc":[0.487],"final_out_mse":[0.10783097152186824],"mfr":[130.73961848958334]}}