{"0.0":{"test_acc":[0.894],"final_out_mse":[0.01590928749616309],"mfr":[129.06576927083336]},"0.01":{"test_acc":[0.851],"final_out_mse":[0.019040043806137993],"mfr":[124.3262390625]},"0.05":{"test_acc":[0.714],"final_out_mse":[0.047034557882565886],"mfr":[122.83347734375]},"0.1":{"test_acc":[0.478],"final_out_mse":[0.6794231162805655],"mfr":[133.1688997395833]}}