{"0.0":{"test_acc":[0.885],"final_out_mse":[0.015774053698430972],"mfr":[128.33193125]},"0.01":{"test_acc":[0.854],"final_out_mse":[0.021819206615829756],"mfr":[123.66359973958332]},"0.05":{"test_acc":[0.69],"final_out_mse":[0.06822823660447654],"mfr":[122.07545625]},"0.1":{"test_acc":[0.57],"final_out_mse":[1.0585974661524553],"mfr":[132.02459427083332]}}