{"0.0":{"test_acc":[0.891],"final_out_mse":[0.016894970409530977],"mfr":[122.52944869791666]},"0.01":{"test_acc":[0.837],"final_out_mse":[0.03178140131522749],"mfr":[118.10702109374999]},"0.05":{"test_acc":[0.701],"final_out_mse":[0.05988263223935155],"mfr":[116.7565265625]},"0.1":{"test_acc":[0.521],"final_out_mse":[0.2110147856979882],"mfr":[126.81584531249999]}}