{"0.0":{"test_acc":[0.881],"final_out_mse":[0.015670960685079068],"mfr":[111.34197968749999]},"0.01":{"test_acc":[0.843],"final_out_mse":[0.01869519570358786],"mfr":[107.23042552083334]},"0.05":{"test_acc":[0.617],"final_out_mse":[0.05988795780544151],"mfr":[106.19210130208333]},"0.1":{"test_acc":[0.478],"final_out_mse":[6.789457667095054],"mfr":[116.07532005208333]}}