{"0.0":{"test_acc":[0.852,0.895],"final_out_power":[2.0383675077808756],"final_out_mse":[0.007571017299424786],"mfr":[4.132840885416666],"dynamics_power":[0.0024033309688965884],"dynamics_mse":[0.0051288149394416935]},"0.01":{"test_acc":[0.824,0.896],"final_out_power":[2.3300233919210442],"final_out_mse":[0.009661097037497571],"mfr":[4.3839046875],"dynamics_power":[0.002632797247116849],"dynamics_mse":[0.005647616010046649]},"0.05":{"test_acc":[0.79,0.9],"final_out_power":[6.400767007011472],"final_out_mse":[0.0287589164535666],"mfr":[6.820389843749999],"dynamics_power":[0.004726176020390266],"dynamics_mse":[0.01152861026576882]},"0.1":{"test_acc":[0.712,0.895],"final_out_power":[12.179534257834435],"final_out_mse":[0.05028374149802335],"mfr":[10.608360937500002],"dynamics_power":[0.007246830833424484],"dynamics_mse":[0.01784178888426269]}}