{"0.0":{"test_acc":[0.906,0.905],"final_out_power":[0.5655502676963806],"final_out_mse":[0.002107545267790556],"mfr":[28.939848697916666],"dynamics_power":[0.0008619642467238009],"dynamics_mse":[0.001537229516543448]},"0.01":{"test_acc":[0.9,0.913],"final_out_power":[0.4957566559314728],"final_out_mse":[0.0021364593412727118],"mfr":[29.543582291666667],"dynamics_power":[0.0009747789590619504],"dynamics_mse":[0.0016319124260917306]},"0.05":{"test_acc":[0.884,0.907],"final_out_power":[3.629439115524292],"final_out_mse":[0.0165359266102314],"mfr":[34.28164713541667],"dynamics_power":[0.002293160418048501],"dynamics_mse":[0.0051473816856741905]},"0.1":{"test_acc":[0.807,0.9],"final_out_power":[21.21409797668457],"final_out_mse":[0.057705070823431015],"mfr":[40.408379687499995],"dynamics_power":[0.00429840013384819],"dynamics_mse":[0.010766733437776566]}}