{"0.0":{"test_acc":[0.906,0.905],"final_out_power":[0.4881976246833801],"final_out_mse":[0.00239989603869617],"mfr":[27.288452083333333],"dynamics_power":[0.0008866015705280006],"dynamics_mse":[0.0015899705467745662]},"0.01":{"test_acc":[0.902,0.913],"final_out_power":[0.6202019453048706],"final_out_mse":[0.0020022604148834944],"mfr":[27.92642369791667],"dynamics_power":[0.0010096202604472637],"dynamics_mse":[0.001685148337855935]},"0.05":{"test_acc":[0.895,0.907],"final_out_power":[2.177776336669922],"final_out_mse":[0.009599614888429642],"mfr":[33.23318020833333],"dynamics_power":[0.0022982158698141575],"dynamics_mse":[0.00516756996512413]},"0.1":{"test_acc":[0.812,0.9],"final_out_power":[17.06748390197754],"final_out_mse":[0.047613877803087234],"mfr":[39.641297135416664],"dynamics_power":[0.004278422333300114],"dynamics_mse":[0.010649699717760086]}}