{"0.0":{"test_acc":[0.906,0.905],"final_out_power":[0.5764416456222534],"final_out_mse":[0.0020835218019783497],"mfr":[27.731686979166668],"dynamics_power":[0.0008740446646697819],"dynamics_mse":[0.0015551223186776042]},"0.01":{"test_acc":[0.887,0.913],"final_out_power":[0.49084919691085815],"final_out_mse":[0.0029568769969046116],"mfr":[28.263116406250003],"dynamics_power":[0.0009811323834583163],"dynamics_mse":[0.0016611110186204314]},"0.05":{"test_acc":[0.867,0.907],"final_out_power":[2.1469082832336426],"final_out_mse":[0.009440687485039234],"mfr":[33.15678489583333],"dynamics_power":[0.0022769607603549957],"dynamics_mse":[0.005250926129519939]},"0.1":{"test_acc":[0.783,0.9],"final_out_power":[15.681113243103027],"final_out_mse":[0.050019845366477966],"mfr":[39.54248463541666],"dynamics_power":[0.004208470694720745],"dynamics_mse":[0.010683747939765453]}}