{"test_acc":[0.887,0.5,0.908,0.908,0.905],"final_out_power":[1.2857138460015411,359.94812266126183,15.14357903351993,2.548860964894214],"final_out_mse":[0.00670050303448814,0.6254838745424244,0.055456916208440246,0.007201115616648963],"mfr":[5.762684895833334,17.161390625,6.923852343750001,5.967913541666666],"dynamics_power":[0.0025519415967379267,0.03002795568649875,0.0046726599216879005,0.003471459923394406],"dynamics_mse":[0.005610194750216548,0.12396222725996633,0.016388197006020705,0.007886947490451126]}