{"test_acc":[0.887,0.517,0.908,0.904,0.905],"final_out_power":[1.2857138460015411,252.64945083416882,14.656390604556712,2.413187069410727],"final_out_mse":[0.00670050303448814,0.505542048302421,0.049529829520015216,0.007172894997096011],"mfr":[5.762684895833334,16.779723697916666,6.8850994791666675,5.851975520833333],"dynamics_power":[0.0025519415967379267,0.028913189764675776,0.004445758942687366,0.0034400741570193637],"dynamics_mse":[0.005610194750216548,0.12159030918935794,0.01525749580531138,0.007924125018276301]}