{"test_acc":[0.846,0.851,0.86,0.826,0.905],"final_out_power":[1.6689026078810867,8.971499578483003,3.3534716172226755,4.84312241857505],"final_out_mse":[0.008037722083903425,0.038766049121475174,0.014362406061333835,0.015932087216568986],"mfr":[3.1337533854166666,2.65952734375,2.6837859374999997,3.0031033854166673],"dynamics_power":[0.0026622853012926713,0.004589280186150315,0.0036946039407540435,0.0031480903159491398],"dynamics_mse":[0.005621896804362635,0.009541105846406432,0.007531569146481474,0.008217104947022984]}