{"test_acc":[0.908,0.631,0.518,0.881,0.905],"final_out_power":[2.1105174794841806,1149.445871275748,293.56064389142915,6.67799981883429],"final_out_mse":[0.008745494972841694,7.34527894366556,1.0656582327087922,0.02572314228889871],"mfr":[6.9080359375,56.148186718750004,15.55071875,6.4878726562499995],"dynamics_power":[0.0029556853274018864,0.16048926003295624,0.014262071124364593,0.00410714138541583],"dynamics_mse":[0.00703862503258222,0.7077656139145899,0.05133861066340051,0.013203605450026622]}