{"test_acc":[0.86,0.834,0.863,0.863,0.905],"final_out_power":[1.763982230326286,6.101344184824435,3.6287165908985077,2.446192470839949],"final_out_mse":[0.007967337876539136,0.02230577647152689,0.015115141917694473,0.010122830051017785],"mfr":[3.210406770833333,2.895061979166667,2.60811328125,3.1831765625],"dynamics_power":[0.002695582664870841,0.004939076564227801,0.003669026626251303,0.002765411432559288],"dynamics_mse":[0.005721976991086439,0.009996475978420521,0.007666548430137779,0.005874738596134627]}