{"test_acc":[0.835,0.802,0.841,0.751,0.905],"final_out_power":[3.0426685795652575,5.019789860871872,4.071398205839044,7.031710188973862],"final_out_mse":[0.01330506154506008,0.020931905127530823,0.019313725926738072,0.03820886678718593],"mfr":[3.3596463541666672,2.3708625000000003,2.48379453125,3.9476924479166664],"dynamics_power":[0.002879318945152046,0.004827268557578608,0.003786149900205499,0.004035223386273275],"dynamics_mse":[0.00706165905015807,0.010317858973290175,0.007673275416974717,0.012597291049413048]}