{"test_acc":[0.894,0.796,0.649,0.901,0.905],"final_out_power":[1.3884985641404752,599.2443287796732,7.556837299060032,7.079679419538295],"final_out_mse":[0.008120315603096638,2.61404983385936,0.04095526459159461,0.024522538800724993],"mfr":[6.008917447916667,24.932820052083333,7.038746875,6.9436333333333335],"dynamics_power":[0.0026712183872580893,0.026622353690325475,0.006643361856807358,0.004014338379149662],"dynamics_mse":[0.005654164845215737,0.1012167468288491,0.02785432669449615,0.0103336920432507]}