{"test_acc":[0.892,0.797,0.853,0.895,0.905],"final_out_power":[1.1276122339075512,9.75099480579972,6.899026852458072,1.9590686608832526],"final_out_mse":[0.005261899185117672,0.024990103825298832,0.019180743821759976,0.007750958259989914],"mfr":[3.5699617187499997,2.8342046875,3.322503385416667,3.5714703125],"dynamics_power":[0.001857231746753333,0.005330886559439575,0.0025998781280859567,0.002032126468091425],"dynamics_mse":[0.003639370048057458,0.01613510141874516,0.005383411491248279,0.003989430502172709]}