{"test_acc":[0.845,0.818,0.855,0.856,0.905],"final_out_power":[1.983677067833135,11.928944349586518,4.675452193730871,2.5053207147598227],"final_out_mse":[0.00859822709267721,0.03864773854252924,0.02025622759020881,0.01245566828824143],"mfr":[3.1201833333333333,2.5254161458333333,2.5442609375000003,3.223422395833333],"dynamics_power":[0.0027307644902248847,0.004716666341469731,0.0037214926735085678,0.002823877500904257],"dynamics_mse":[0.00606134517163329,0.010300775385952851,0.008106507312100018,0.0060752560121537956]}