{"test_acc":[0.905,0.821,0.902,0.893,0.905],"final_out_power":[1.275931376944328,318.6757715657039,1.4090735124170994,1.8595464005670326],"final_out_mse":[0.005001423497555689,1.8956887047760989,0.005702144900480999,0.006301916663048825],"mfr":[3.50129921875,6.372667447916667,3.9793473958333334,3.2790812500000004],"dynamics_power":[0.0018520495217175068,0.007565586774368271,0.002448658407154754,0.0020179503776466073],"dynamics_mse":[0.0037249748593195086,0.024165078876003113,0.004994381181988748,0.004095472869177558]}