{"test_acc":[0.832,0.814,0.839,0.848,0.905],"final_out_power":[1.4461849495856844,4.466627747037507,4.126189355070657,2.678615490887445],"final_out_mse":[0.00798578905644611,0.017666547838174004,0.014676546717886286,0.010095762472357885],"mfr":[3.1246643229166664,2.3537828125,2.3718747395833333,3.0471151041666666],"dynamics_power":[0.0026279142456029857,0.004478639808983133,0.0037524776362547587,0.002798450379450916],"dynamics_mse":[0.005495862555909461,0.01002651292593312,0.008279185081693721,0.006206422485061034]}