{"test_acc":[0.907,0.675,0.864,0.897,0.905],"final_out_power":[2.0564073390705633,34.003626040235574,5.918569662178426,2.560591484083364],"final_out_mse":[0.007410337392081767,0.1646693222673212,0.05182788275688714,0.007672510081863479],"mfr":[3.6272549479166663,2.6411341145833336,5.257578125,3.5929195312499997],"dynamics_power":[0.00215043728720258,0.003786362502254785,0.007612607707294879,0.002403087120657224],"dynamics_mse":[0.004560701144069114,0.010158472497451648,0.02568000007079766,0.005162961765084685]}