{"test_acc":[0.864,0.787,0.861,0.849,0.905],"final_out_power":[1.5114037368142677,3.2833601871893823,2.787877182281719,2.239212610799928],"final_out_mse":[0.008194720679470864,0.01572684687335326,0.014561499986506453,0.01026461723032769],"mfr":[3.22426640625,2.5892375000000003,2.938799739583333,3.2644278645833333],"dynamics_power":[0.002687508702033071,0.004729076926692189,0.003667903294468512,0.0028657112538457473],"dynamics_mse":[0.0055696855412357684,0.009823740938590257,0.007266669598395185,0.0061784962653204855]}