{"test_acc":[0.866,0.52,0.765,0.87,0.905],"final_out_power":[2.3329276911051764,433.71466361995164,10.343862486146456,6.070684629830245],"final_out_mse":[0.010984689935227892,0.9706124979608896,0.053161053494825056,0.014803764653189931],"mfr":[12.021900260416666,55.11298203125,16.844086979166665,13.374390885416666],"dynamics_power":[0.0038479850151606865,0.1045565161123481,0.013363731014189466,0.006515665020940878],"dynamics_mse":[0.00897003576169277,0.4553128356170467,0.051022669403330806,0.021100482719762836]}