{"test_acc":[0.864,0.822,0.847,0.853,0.905],"final_out_power":[1.5903121222790555,3.812672058331828,2.808666876098899,2.3881369784054742],"final_out_mse":[0.007735186112942681,0.014334895401429652,0.010460339719772048,0.011993301510171684],"mfr":[3.13312109375,2.3423114583333335,2.3941554687499997,3.50639140625],"dynamics_power":[0.0026864640362500862,0.0044542244274416035,0.0035726251043029624,0.003234811180008991],"dynamics_mse":[0.005824050702298628,0.010784004490995695,0.008792264570420066,0.0063431813167074665]}