{"test_acc":[0.897,0.508,0.836,0.868,0.905],"final_out_power":[2.2719951498463935,28.930027586554413,54.48344399953053,4.716767752102774],"final_out_mse":[0.0078009419220229715,0.19373471041086257,0.22848556905871784,0.019497024038216917],"mfr":[8.3284484375,36.70796848958334,12.818252604166668,9.181523177083333],"dynamics_power":[0.0029227405954024583,0.06051518446713365,0.009773605403075567,0.004881734335216412],"dynamics_mse":[0.007065628512898236,0.2667373695593548,0.04030310550684098,0.016695934133195537]}