{"test_acc":[0.861,0.835,0.85,0.851,0.905],"final_out_power":[1.404580973199491,6.2299359979643505,3.683369922375561,2.2659460923022263],"final_out_mse":[0.007229490212266091,0.02646799272338654,0.01399171402614109,0.012737771723353254],"mfr":[4.200105989583333,2.7850703125,2.764833854166666,4.831345572916667],"dynamics_power":[0.0024673372160210704,0.005099332579098897,0.003576366710340002,0.0029923450420854436],"dynamics_mse":[0.005029496056752224,0.010706139973970488,0.007576525589921356,0.00673935776088714]}