{"test_acc":[0.897,0.519,0.848,0.887,0.905],"final_out_power":[2.2719951498463935,58.2898450336612,62.907547311920894,5.059623842609239],"final_out_mse":[0.0078009419220229715,0.3467510127919096,0.2694080418426863,0.01983351355862472],"mfr":[8.3284484375,36.815543229166664,13.015447916666668,9.130672135416665],"dynamics_power":[0.0029227405954024583,0.05100779592940077,0.010233388134104857,0.004860794018022617],"dynamics_mse":[0.007065628512898236,0.23447841490524435,0.04055929409779068,0.016526747812314595]}