{"test_acc":[0.861,0.827,0.848,0.797,0.905],"final_out_power":[1.404580973199491,22.381722681995008,5.044948513617397,4.094246526069285],"final_out_mse":[0.007229490212266091,0.068662102893408,0.02525728494653633,0.018838262512896303],"mfr":[4.200105989583333,2.7011713541666666,3.038324739583333,4.332483072916666],"dynamics_power":[0.0024673372160210704,0.00479261895790441,0.0039389261815095476,0.0036931003362060755],"dynamics_mse":[0.005029496056752224,0.01028083431373411,0.007858831067135636,0.010835238402529885]}