{"test_acc":[0.909,0.741,0.893,0.89,0.905],"final_out_power":[1.0190159351505,15.896868009737998,2.729874284906686,1.3005595346436931],"final_out_mse":[0.004449464620299018,0.04746706787808377,0.007807210289137921,0.00693440212862064],"mfr":[3.4453911458333333,2.5064606770833335,3.321971354166667,3.33800546875],"dynamics_power":[0.0018301741713881907,0.0040615931520059404,0.002557408074006863,0.0020227635729480327],"dynamics_mse":[0.003592200273749801,0.010049813475175673,0.005841900436177609,0.004083801940051492]}