{"test_acc":[0.852,0.834,0.876,0.863,0.905],"final_out_power":[1.414554447093819,6.399769278469362,3.1969093420794508,2.4437158974244357],"final_out_mse":[0.007434010832066889,0.02329706711249222,0.015298344652454852,0.009629567771938217],"mfr":[3.1166174479166666,2.6790041666666666,2.5218213541666668,3.18216796875],"dynamics_power":[0.002638913224438938,0.004690075155790866,0.0036574165458562557,0.0029118285977995607],"dynamics_mse":[0.005486622691525941,0.009835724489742485,0.0075589675222445096,0.006957405151315783]}