{"test_acc":[0.838,0.789,0.817,0.855,0.905],"final_out_power":[1.861726946936446,2.9130877245516387,1.9132071823043493,2.2427682461526954],"final_out_mse":[0.009063079811162987,0.016354783276952348,0.010954721418797067,0.011023664472102627],"mfr":[3.264757552083333,2.4512770833333333,2.6020799479166667,3.4159247395833336],"dynamics_power":[0.0027196574921030054,0.004828991664095739,0.0039060232544061097,0.002753715872418993],"dynamics_mse":[0.005812261690595459,0.010306649158724625,0.007921657685418769,0.005762397950146585]}