{"test_acc":[0.838,0.802,0.834,0.851,0.905],"final_out_power":[1.861726946936446,2.324971389415912,2.8556942287256324,2.201693387672038],"final_out_mse":[0.009063079811162987,0.0138392216535094,0.014475908592121393,0.00997821660636415],"mfr":[3.264757552083333,2.487569010416667,2.66851484375,3.480436979166667],"dynamics_power":[0.0027196574921030054,0.00441637849525542,0.003950469376147593,0.002784606842158556],"dynamics_mse":[0.005812261690595459,0.009811411395110322,0.007935944695056915,0.005822892997192724]}