{"test_acc":[0.91,0.824,0.866,0.897,0.905],"final_out_power":[1.464756172792717,5.282966560043662,3.261582839251629,1.0823888759179268],"final_out_mse":[0.004882737067354899,0.08852239690326595,0.010484450096322193,0.004897946458030333],"mfr":[3.532951822916667,3.886290104166666,2.9625549479166664,3.6732221354166668],"dynamics_power":[0.0018327934377419238,0.006462317652279736,0.0022926111778808753,0.0019683581715405868],"dynamics_mse":[0.003637896806453888,0.02022890447503103,0.005197148661463607,0.003982459216967178]}