{"test_acc":[0.866,0.517,0.781,0.885,0.905],"final_out_power":[2.3329276911051764,284.31729026117483,14.675982774793495,5.640741849216217],"final_out_mse":[0.010984689935227892,0.49963255945999746,0.06630420589904544,0.013067350776580038],"mfr":[12.021900260416666,55.4271921875,16.8905578125,13.206719270833334],"dynamics_power":[0.0038479850151606865,0.11996930775955622,0.013488480568006757,0.00661978064970605],"dynamics_mse":[0.00897003576169277,0.5321773115134586,0.05102876271588082,0.022169668582625753]}