{"test_acc":[0.914,0.519,0.605,0.649,0.877,0.888,0.909],"final_out_power":[0.9617208626299735,135.24410079329957,19.451929216160117,17.29640817778413,3.9165725638240576,4.120197294654305],"final_out_mse":[0.004162474650692929,0.732958973817493,0.09473568109875062,0.053814635475647375,0.011349380351424146,0.04649570501680677],"mfr":[3.427158854166667,101.17155390625,42.09409791666666,2.0359026041666666,3.3628929687499998,3.3609625],"dynamics_power":[0.0017799188648720335,2.184116705904508,0.1825936364868681,0.005227467049003112,0.003153988988482719,0.0021647162109409194],"dynamics_mse":[0.003528368224012037,10.661854743994517,0.8092893105533246,0.0155426937735183,0.008076301476887978,0.0044004431600369156]}