{"test_acc":[0.913,0.519,0.519,0.512,0.849,0.894,0.909],"final_out_power":[2.1813868259663503,292.5177067706387,436.40285238691473,28.411784665327627,53.77294502894387,4.433535733211005],"final_out_mse":[0.007579942018697783,1.7089559387313338,1.8900862198529649,0.19383981810636344,0.2258240024956765,0.019493028295781773],"mfr":[8.318029166666667,58.66593958333333,141.82454166666668,36.60810572916667,12.79731015625,9.162411979166666],"dynamics_power":[0.002882977080362246,0.5767430567879914,1.5648893280452985,0.06069896024289827,0.009731474890913442,0.004873647416920271],"dynamics_mse":[0.0070653656528558186,3.0820602210527026,6.4407580930458295,0.2665274792246688,0.04030893894497733,0.016769283945065595]}