{"test_acc":[0.914,0.552,0.538,0.733,0.868,0.9,0.909],"final_out_power":[1.1113736298508743,113320.250058038,3399.225015757842,8.291121823851109,5.1524476179451995,2.0754256975869327],"final_out_mse":[0.0053286770829953254,823.6388820225949,10.644029063646741,0.02602223718337055,0.01718030064442406,0.007794915403851945],"mfr":[3.551447135416667,147.39309114583332,40.65918098958333,2.9526658854166663,3.4482395833333332,3.4349838541666666],"dynamics_power":[0.0018594201527145134,2.9504589565129433,0.1999592943461797,0.0066820562851754774,0.002632119381266319,0.002025301707864452],"dynamics_mse":[0.003643162838653669,16.20711942547353,0.9203245680874254,0.021941314370263632,0.005455404501605682,0.0040313843033244045]}