{"test_acc":[0.906,0.519,0.636,0.493,0.92,0.922,0.909],"final_out_power":[1.2261891560126028,109.99278583874224,2113.8749574334906,351.6562638546028,14.995888263251633,2.4333285351471154],"final_out_mse":[0.006425272025801332,0.5341765777975759,8.316430318813303,0.6195218036390605,0.05549712688677131,0.00692332544589879],"final_out_mse_tgt":[0.01543231197781256,0.5253351331638848,8.32954909857865,0.6233040375041171,0.05999593759906344,0.014461751120361637],"mfr":[5.738561458333334,121.29806796874999,92.70038932291668,17.08321953125,6.882944010416667,5.947646354166666],"dynamics_power":[0.002496030663887853,1.7882667652141007,0.7205105102437188,0.029725480127686624,0.004639280776012791,0.0034155242609967013],"dynamics_mse":[0.005556533925892915,9.696612797335035,3.2296701167535073,0.12277168765034539,0.01633641106146972,0.00780217843066221]}