{"test_acc":[0.832,0.801,0.846,0.836,0.905],"final_out_power":[1.4461849495856844,5.0931851592924815,4.94502787370535,2.9999760219374485],"final_out_mse":[0.00798578905644611,0.018368600713966933,0.018880417144675265,0.010501145759880235],"mfr":[3.1246643229166664,2.2387406249999997,2.484604947916667,3.0346664062500004],"dynamics_power":[0.0026279142456029857,0.004856974702903586,0.003813597798353318,0.002802839592790498],"dynamics_mse":[0.005495862555909461,0.011505613800591827,0.007978957361740388,0.006610370117222644]}