{"test_acc":[0.894,0.711,0.608,0.897,0.905],"final_out_power":[1.3884985641404752,95.28143383681146,11.872077784692237,5.937049435233865],"final_out_mse":[0.008120315603096638,0.4341108402798447,0.06337556871972275,0.02277401107570234],"mfr":[6.008917447916667,23.092185677083332,7.448551041666668,6.802795572916666],"dynamics_power":[0.0026712183872580893,0.027933385987624505,0.007387302749913806,0.004023512631568043],"dynamics_mse":[0.005654164845215737,0.10278794419420642,0.0328105050836449,0.010133678115617663]}