{"test_acc":[0.906,0.519,0.636,0.493,0.92,0.922,0.909],"final_out_power":[1.2261891491367214,109.99278596982849,2113.8749289338507,351.6562656901725,14.995888456327089,2.433328544178897],"final_out_mse":[0.006425272018348686,0.5341766020168934,8.316430198274716,0.61952180294212,0.05549712754331762,0.006923325457726061],"mfr":[5.738561458333334,121.29806796874999,92.70038932291668,17.08321953125,6.882944010416667,5.947646354166666],"dynamics_power":[0.0024960306633042546,1.788266763393325,0.7205105131514468,0.02972548013073958,0.004639280777312234,0.0034155242578975398],"dynamics_mse":[0.005556533926580748,9.696612786996658,3.229670128394138,0.12277168767303515,0.01633641107418772,0.007802178423630525]}