{"test_acc":[0.907,0.605,0.876,0.882,0.905],"final_out_power":[2.0564073390705633,31.27421633457001,4.91124083643165,3.8548356679496205],"final_out_mse":[0.007410337392081767,0.14600098470905926,0.04033319977953589,0.013260883699917663],"mfr":[3.6272549479166663,2.78951796875,5.174375520833334,3.5976513020833334],"dynamics_power":[0.00215043728720258,0.004351751416011195,0.007712757526367511,0.002442718812339304],"dynamics_mse":[0.004560701144069114,0.012221596628007076,0.026049070125741838,0.0053049307917701375]}