{"test_acc":[0.847,0.532,0.706,0.828,0.86,0.841,0.909],"final_out_power":[1.64579784590935,104.25458606684258,9.71232621288361,6.611252167262312,4.99099136764633,3.4428841355153073],"final_out_mse":[0.008181733872051924,0.2981809736768662,0.03169731930675734,0.025157801258416684,0.024971612806199906,0.012298973035446657],"final_out_mse_tgt":[0.017217914588710814,0.317187922591032,0.042099530447231345,0.036866612442543314,0.032102357104552795,0.019948610682447472],"mfr":[3.108883333333333,5.221362239583334,3.6376546875,2.608671354166667,2.741291927083333,2.996703645833333],"dynamics_power":[0.002658824122402471,0.02663604814048336,0.0081099570128213,0.005059443491587151,0.0036093753981141265,0.00307185588072283],"dynamics_mse":[0.005667858230225938,0.07743775738636834,0.01919044462475765,0.010693666939831108,0.0072519987123877815,0.0077827767259384395]}