{"test_acc":[0.864,0.786,0.851,0.857,0.905],"final_out_power":[1.5903121222790555,3.3460881124976263,3.085600375697127,1.988624191321746],"final_out_mse":[0.007735186112942681,0.015626991109086722,0.011126938679786473,0.009826443670050105],"mfr":[3.13312109375,2.22902734375,2.45947578125,3.291230989583333],"dynamics_power":[0.0026864640362500862,0.004712828893575857,0.0036437727353435187,0.0028875406050338707],"dynamics_mse":[0.005824050702298628,0.011104957514240073,0.008331441670881934,0.005946110717204082]}