{"test_acc":[0.853,0.47,0.579,0.776,0.821,0.855,0.909],"final_out_power":[1.8458974317217454,55.97714267995584,9.45079103102767,2.832364593062669,1.8545309497520184,2.1918345347764645],"final_out_mse":[0.00916931447350178,0.1642851717377129,0.03735504125418279,0.016346904887884893,0.010969724993359244,0.011127123232493482],"final_out_mse_tgt":[0.018377982035407706,0.181338380341946,0.04995699289649033,0.029126064095984065,0.02224663082640809,0.018759638005694204],"mfr":[3.245633333333333,12.492106770833335,3.5187640625,2.432888802083333,2.584415885416666,3.3919567708333336],"dynamics_power":[0.0026785984291333572,0.03625804020838205,0.009366706741921775,0.00480160108809708,0.0038684042188040406,0.0027363424864882617],"dynamics_mse":[0.005808327270621464,0.16244638178079168,0.022068716500280083,0.010259374812540937,0.007861022381577954,0.005772567188842261]}