{"test_acc":[0.906,0.519,0.518,0.823,0.899,0.891,0.909],"final_out_power":[1.302316376608171,2043.1668452518006,207.16922703077432,325.3359094042281,1.7663239702170972,1.5156841879484086],"final_out_mse":[0.004883614932747042,6.482989151754335,0.9889365910850514,2.4125606922449343,0.006894648872754386,0.005855478030344672],"mfr":[3.49372578125,88.25810859375,45.937375,5.730502864583333,3.8019408854166667,3.2325062499999997],"dynamics_power":[0.0018427671447347903,1.3495069632336019,0.4679701513413532,0.007817863537184767,0.002448108974014177,0.0019901204847639947],"dynamics_mse":[0.0036897346413983074,7.8523795397411,2.157568507317401,0.024481203282822588,0.004964204995319624,0.004127978232129047]}