{"test_acc":[0.921,0.519,0.695,0.604,0.868,0.882,0.909],"final_out_power":[1.9347235103950848,44.13364061128561,118.83067558736386,31.32956817915783,5.397414398013987,3.6523271436491482],"final_out_mse":[0.007208782057996821,0.23549376199131677,0.3617278083609233,0.14801040670678145,0.04065191972160706,0.013074332306059923],"mfr":[3.6168765625,43.82639921875,49.900055208333335,2.786415885416667,5.166416666666666,3.583733072916667],"dynamics_power":[0.0021381453005920458,0.2646467695217431,0.24750955721444337,0.0043508704712240005,0.007865147449573841,0.002412383397766843],"dynamics_mse":[0.0045213031821623164,1.6390668685400611,1.244122454773387,0.012231053161934607,0.02637876892275069,0.005285371943964504]}