{"test_acc":[0.832,0.462,0.668,0.815,0.849,0.799,0.909],"final_out_power":[3.063649459062351,47.539830023952916,9.607585175156292,4.796578224186804,3.584455928156802,4.41066107869931],"final_out_mse":[0.013326093300845497,0.16621769870402775,0.03301661819717,0.024586766486525007,0.016786883344635763,0.019890928827150482],"final_out_mse_tgt":[0.021627635944364277,0.18457762513929526,0.0469353529837815,0.035715406582932756,0.026710909712678144,0.02789880131494662],"mfr":[3.346338541666667,9.124714322916667,2.8867296875000004,2.4912312500000002,2.4718348958333336,3.5995658854166668],"dynamics_power":[0.002871449916621712,0.030650602579675792,0.0076492293543980044,0.0047976739884908245,0.003776087491919021,0.003375735149002011],"dynamics_mse":[0.0070805406840864,0.10220121867642033,0.01809514547792408,0.009834321539450332,0.007641382891535641,0.009459812339052557]}