{"test_acc":[0.836,0.519,0.717,0.82,0.865,0.856,0.909],"final_out_power":[1.9883143550273759,26.322556770635124,23.99586803210024,17.041094897952078,4.762133510911075,2.999261578820427],"final_out_mse":[0.008674858812057231,0.17507920835329818,0.05914629087447386,0.06602729926993388,0.02671762149610074,0.011603521047682058],"final_out_mse_tgt":[0.01728617184775884,0.1864623683277136,0.06940452538044349,0.07439257048783443,0.03292019022510702,0.019091956180958748],"mfr":[3.1037541666666666,30.909053645833332,3.422272916666667,2.5545794270833335,2.569969791666667,3.1959950520833336],"dynamics_power":[0.0027198590441254752,0.13330579999643105,0.008576256900393738,0.005072110055891651,0.0036025582286067365,0.002822744677633974],"dynamics_mse":[0.006105944662386553,0.7216744657939158,0.021255839877029246,0.010761446244743556,0.007432115224132554,0.006222665886203657]}