{"test_acc":[0.913,0.667,0.519,0.832,0.893,0.906,0.909],"final_out_power":[1.4152490606589694,198.92131561144492,51.34864079175773,7.053182910284308,2.9268136177935125,1.109089666867762],"final_out_mse":[0.004965985811877458,0.8306031657462501,0.22594202462747048,0.11547033956370262,0.00941134168904828,0.0049976109556564945],"mfr":[3.5347809895833335,17.17697760416667,54.48161744791667,4.411028645833333,3.11021171875,3.725880208333333],"dynamics_power":[0.0018218369664698359,0.09263740247665027,0.33526668877930677,0.009526738868855609,0.002334627756555369,0.0020112440016551974],"dynamics_mse":[0.003616643783800612,0.3312672020539987,1.5952838342022846,0.03199668309856214,0.0051422813656008355,0.004146149056890125]}