{"test_acc":[0.86,0.823,0.852,0.856,0.905],"final_out_power":[1.763982230326286,21.805972391769295,2.8412422378874953,2.5987836307230965],"final_out_mse":[0.007967337876539136,0.05836829372090017,0.012977087961768203,0.01105920462585816],"mfr":[3.210406770833333,2.7782536458333333,2.729780729166667,3.2585580729166668],"dynamics_power":[0.002695582664870841,0.005565751857280409,0.0037851444773476235,0.0028260311778747875],"dynamics_mse":[0.005721976991086439,0.011463786027367945,0.007552181784202254,0.005904831101159428]}