{"test_acc":[0.853,0.515,0.54,0.826,0.853,0.853,0.909],"final_out_power":[1.8232481899310298,12.546178096943608,25.109996034194804,21.043904434805913,2.8048692064384997,2.648557134754648],"final_out_mse":[0.008045359903192103,0.04104526219459061,0.0598651277931859,0.05742267725225179,0.013035747340523202,0.01118511387037879],"final_out_mse_tgt":[0.016412010369426105,0.05490405500627267,0.07270127496648994,0.07013491266927588,0.022017814282808183,0.01812364172042922],"mfr":[3.200228125,9.939840625,3.4539736979166666,2.7603481770833334,2.7145158854166667,3.2357580729166666],"dynamics_power":[0.002681294863310449,0.032744573663597266,0.009458186794605077,0.005542621172874737,0.003741669720712955,0.0028119433338354084],"dynamics_mse":[0.0057305679607059104,0.11838769205565408,0.02135211641222566,0.011415165238624795,0.00748794438140998,0.005928396566964123]}