{"test_acc":[0.86,0.586,0.66,0.828,0.863,0.864,0.909],"final_out_power":[1.3303960224992306,27.299507195703367,7.578362066854043,5.977826737315007,3.542126192572195,2.1415120532257452],"final_out_mse":[0.007072019894647626,0.10412873185942115,0.026641408159438603,0.025906746769981254,0.013569024990343247,0.011978877141641718],"final_out_mse_tgt":[0.016853161056295737,0.12154944688310977,0.036306079216950525,0.03812189868131387,0.02405086143577253,0.01990659972971869],"mfr":[4.1838078125000004,33.24097265625,4.65991953125,2.770838802083333,2.7528445312499996,4.842769270833332],"dynamics_power":[0.002422668458898521,0.15706530954515915,0.010130182151877472,0.005073574039201365,0.0035648408412145517,0.002938596108899893],"dynamics_mse":[0.004969468637382421,0.8689023331893755,0.03119628247883127,0.010634635793160797,0.007570007774411051,0.006635790498962699]}