{"test_acc":[0.905,0.819,0.898,0.886,0.905],"final_out_power":[1.275931376944328,331.6415234950065,1.818616009867681,1.4697537520581445],"final_out_mse":[0.005001423497555689,2.406741525644609,0.0073352640099036285,0.006124518330481489],"mfr":[3.50129921875,5.7261645833333334,3.8086106770833332,3.23916171875],"dynamics_power":[0.0018520495217175068,0.007858017411511544,0.0025220534260994368,0.0020404754306699332],"dynamics_mse":[0.0037249748593195086,0.024519806171400135,0.005125671501725791,0.004194275381368691]}