{"test_acc":[0.851,0.591,0.54,0.791,0.844,0.861,0.909],"final_out_power":[1.5290761003520956,5.976390041040111,4.723202005046477,3.231288576655458,3.0536042653675293,1.9752650878327718],"final_out_mse":[0.007845164782721617,0.03732300401356324,0.03680961413902537,0.01571039227814324,0.011374571092545705,0.009893949353801555],"final_out_mse_tgt":[0.016499327078833205,0.05313231818653846,0.05065583209537056,0.028257604301576613,0.020959802530172426,0.01818536676729601],"mfr":[3.1187354166666665,3.33609765625,12.8449171875,2.21837265625,2.4478010416666667,3.2771190104166665],"dynamics_power":[0.0026858882461766884,0.01977346457178956,0.0230366614966795,0.004697795875877031,0.003637834433409692,0.002884103773514564],"dynamics_mse":[0.005839945443217264,0.05409955728479956,0.10218454482904561,0.011093620972618262,0.00836481685918319,0.005942338710126935]}