{"test_acc":[0.835,0.818,0.847,0.801,0.905],"final_out_power":[3.0426685795652575,4.828563711392866,3.6627270482228242,4.487142150753629],"final_out_mse":[0.01330506154506008,0.024737136921840087,0.01681756790815887,0.019516410634964287],"mfr":[3.3596463541666672,2.515729427083333,2.4914559895833333,3.60479765625],"dynamics_power":[0.002879318945152046,0.0048154154244147845,0.0037771205548064795,0.0033774936123776565],"dynamics_mse":[0.00706165905015807,0.009865057395693448,0.007634663073447831,0.009380381405890795]}