{"test_acc":[0.853,0.515,0.54,0.826,0.853,0.853,0.909],"final_out_power":[1.8232481879592919,12.546178092036552,25.109995978697654,21.04390442022949,2.804869223515061,2.6485571324443224],"final_out_mse":[0.00804535989340894,0.04104526215944825,0.05986512772892573,0.05742267737630757,0.013035747332941444,0.011185113875688803],"mfr":[3.200228125,9.939840625,3.4539736979166666,2.7603481770833334,2.7145158854166667,3.2357580729166666],"dynamics_power":[0.0026812948632888504,0.03274457366081601,0.009458186794236798,0.005542621172414519,0.003741669720406328,0.0028119433337566537],"dynamics_mse":[0.005730567961133023,0.11838769205258508,0.02135211641302885,0.011415165237660748,0.007487944381174323,0.005928396567287721]}