{"test_acc":[0.864,0.787,0.853,0.858,0.905],"final_out_power":[1.5114037368142677,3.090805077439161,3.129289246058428,1.869302922647139],"final_out_mse":[0.008194720679470864,0.01525251910972072,0.015089914626103335,0.009621046316178106],"mfr":[3.22426640625,2.4320700520833336,2.6930140625,3.1696127604166664],"dynamics_power":[0.002687508702033071,0.004895675184597032,0.00352174581608752,0.0027803202305454696],"dynamics_mse":[0.0055696855412357684,0.010709708434087322,0.0071654322900056916,0.005743330503930281]}