{"test_acc":[0.909,0.675,0.867,0.88,0.905],"final_out_power":[1.0190159351505,17.640648124259194,3.940829226833219,4.469658451364327],"final_out_mse":[0.004449464620299018,0.053894458423364044,0.011366734705802333,0.046937172295781],"mfr":[3.4453911458333333,2.0448515625,3.3707710937499997,3.371217708333333],"dynamics_power":[0.0018301741713881907,0.005236207935531348,0.0031625921328270923,0.0022476277169736257],"dynamics_mse":[0.003592200273749801,0.015561726299609181,0.008058790546961665,0.0045386316287652]}