{"test_acc":[0.851,0.591,0.54,0.791,0.844,0.861,0.909],"final_out_power":[1.5290761009283727,5.9763900390230065,4.723202011236488,3.231288566706047,3.0536042598696906,1.9752650881307976],"final_out_mse":[0.007845164781237124,0.037323004010254984,0.03680961421706745,0.015710392285311476,0.011374571097749232,0.009893949352346311],"mfr":[3.1187354166666665,3.33609765625,12.8449171875,2.21837265625,2.4478010416666667,3.2771190104166665],"dynamics_power":[0.0026858882457626914,0.019773464570484987,0.023036661487797955,0.004697795875417616,0.003637834433046265,0.002884103773349434],"dynamics_mse":[0.005839945443258781,0.05409955728155519,0.10218454478657872,0.01109362097213804,0.008364816859710316,0.005942338710727634]}