{"test_acc":[0.846,0.825,0.868,0.857,0.905],"final_out_power":[1.6689026078810867,6.856214867438221,4.996949767150627,3.4010743529344785],"final_out_mse":[0.008037722083903425,0.025399995227959042,0.02473624534432387,0.012038033032271453],"mfr":[3.1337533854166666,2.632546875,2.7564890625,3.0100458333333338],"dynamics_power":[0.0026622853012926713,0.00508164696630993,0.003626601986003288,0.003072590334518453],"dynamics_mse":[0.005621896804362635,0.010746339057752952,0.0072920341416666664,0.0076921101207553366]}