{"test_acc":[0.862,0.519,0.703,0.785,0.856,0.866,0.909],"final_out_power":[1.4836907970845086,1333.4199321442657,14.595893132855855,3.057739807665298,3.1542115211929413,1.8282144522634427],"final_out_mse":[0.008031288527428689,11.312373464636272,0.05057986637588365,0.01537940283332781,0.015086617500541733,0.00946632663625963],"mfr":[3.2087085937499995,26.52506380208333,14.358714062499999,2.4189403645833334,2.67411640625,3.1404523437500003],"dynamics_power":[0.002664405658537944,0.08600609650896911,0.03241100913384818,0.00489047885789851,0.003510358385854033,0.002748889519489676],"dynamics_mse":[0.005547838907769638,0.41871444140656605,0.17126921236666426,0.010706958323034144,0.007159263993784494,0.00573763743698764]}