{"test_acc":[0.862,0.515,0.717,0.791,0.876,0.861,0.909],"final_out_power":[1.4089154029898676,13.401194028527597,218.52533136528598,5.620717227769486,3.049287194975805,1.850816189077706],"final_out_mse":[0.007585434017955584,0.062494959751460466,1.0057351566620008,0.0210128311176179,0.01732150663483917,0.008123240233636685],"final_out_mse_tgt":[0.016198503389312384,0.07891463855804078,1.0280832432845703,0.031674458782319115,0.0254600360232618,0.016540973927710676],"mfr":[3.088455208333334,23.447208854166668,5.964604166666666,1.9661888020833336,2.5005864583333333,3.1285864583333334],"dynamics_power":[0.002643381927061579,0.07310773604099308,0.011114676112373413,0.00495915637271583,0.0036630453961120297,0.0026735131141431318],"dynamics_mse":[0.005556830454606915,0.3682602035561406,0.03145529672260119,0.012597530928519987,0.007530845670864063,0.0059959256400899455]}