{"test_acc":[0.883,0.519,0.511,0.534,0.788,0.9,0.909],"final_out_power":[2.230611337065001,90.76925754692682,201.01054439071427,268.7034472425267,13.90025656669468,5.230043824863631],"final_out_mse":[0.010955291516096474,0.3374791608218178,0.5826397815068349,0.49456690501558476,0.0652320770800681,0.012572972149013643],"mfr":[11.965171354166667,120.80800572916668,161.43749531249998,55.19064114583333,16.798746614583337,13.113066666666667],"dynamics_power":[0.0038037524213739697,2.2266707235017895,2.782097599120465,0.11911932212709747,0.013452759872256762,0.0064868345071425445],"dynamics_mse":[0.008923824487021162,11.61944696620212,14.083650194066758,0.5280193676430801,0.05093064562630596,0.021907525629979305]}