{"test_acc":[0.862,0.519,0.703,0.785,0.856,0.866,0.909],"final_out_power":[1.4836908027644453,1333.419929699989,14.595893182046373,3.0577397994044166,3.154211533723357,1.8282144522762065],"final_out_mse":[0.008031288526977388,11.312373446409863,0.05057986640903137,0.01537940284460793,0.01508661750620804,0.009466326642832517],"final_out_mse_tgt":[0.01615427233101505,11.360855382305783,0.06600266642535578,0.027079489684698275,0.02201946915046772,0.017584619560325025],"mfr":[3.2087085937499995,26.52506380208333,14.358714062499999,2.4189403645833334,2.67411640625,3.1404523437500003],"dynamics_power":[0.0026644056589538003,0.08600609652308948,0.03241100915089208,0.004890478858239202,0.003510358386601821,0.002748889519651877],"dynamics_mse":[0.005547838907798093,0.418714441454283,0.17126921244436108,0.010706958323074358,0.007159263994438615,0.005737637436354118]}