{"test_acc":[0.91,0.823,0.886,0.894,0.905],"final_out_power":[1.464756172792717,6.850072615685644,2.911888182611598,1.190238378613568],"final_out_mse":[0.004882737067354899,0.11228647659865378,0.00967573182878913,0.005118843292098724],"mfr":[3.532951822916667,4.366010416666666,3.1199466145833337,3.7310552083333333],"dynamics_power":[0.0018327934377419238,0.009310977280544667,0.002345641361970647,0.00203362069825112],"dynamics_mse":[0.003637896806453888,0.03131724061199177,0.005162415015275786,0.00422072474725581]}