{"test_acc":[0.862,0.515,0.717,0.791,0.876,0.861,0.909],"final_out_power":[1.4089153989253478,13.401194029793395,218.52533113531305,5.6207172246471,3.049287187614195,1.850816185644227],"final_out_mse":[0.007585434014850868,0.06249495983297649,1.0057351553202258,0.021012831121539052,0.01732150661391784,0.0081232402343163],"mfr":[3.088455208333334,23.447208854166668,5.964604166666666,1.9661888020833336,2.5005864583333333,3.1285864583333334],"dynamics_power":[0.002643381926582903,0.07310773604628977,0.011114676109367786,0.004959156371712559,0.0036630453957837844,0.0026735131130646897],"dynamics_mse":[0.005556830455494151,0.368260203575166,0.0314552967089341,0.012597530927639674,0.007530845671851573,0.005995925640484312]}