{"test_acc":[0.836,0.519,0.717,0.82,0.865,0.856,0.909],"final_out_power":[1.9883143530093703,26.32255679607504,23.99586796415916,17.041094926084465,4.762133506130491,2.999261580669393],"final_out_mse":[0.00867485880410573,0.17507920852359854,0.05914629074194169,0.0660272993135979,0.02671762151744791,0.011603521062487118],"mfr":[3.1037541666666666,30.909053645833332,3.422272916666667,2.5545794270833335,2.569969791666667,3.1959950520833336],"dynamics_power":[0.0027198590434304726,0.13330579999151437,0.008576256899694386,0.005072110056573434,0.0036025582283549878,0.0028227446766297356],"dynamics_mse":[0.006105944662724266,0.7216744657789776,0.021255839874539908,0.010761446245959937,0.0074321152244924615,0.00622266588602025]}