{"test_acc":[0.892,0.74,0.863,0.894,0.905],"final_out_power":[1.1276122339075512,8.651530099006106,5.338322974836132,2.1262126647989077],"final_out_mse":[0.005261899185117672,0.02597424704966483,0.017631445393173645,0.0078040105398517415],"mfr":[3.5699617187499997,2.965335416666667,3.46294921875,3.4494351562500003],"dynamics_power":[0.001857231746753333,0.00670419894530754,0.0026836691102382747,0.002036136944808045],"dynamics_mse":[0.003639370048057458,0.022061167142638727,0.0055307949564478084,0.004041496704702624]}