{"test_acc":[0.915,0.519,0.519,0.661,0.517,0.883,0.909],"final_out_power":[1.9016313508510525,42.47368552820756,166.21053041083528,5389.590131533488,449.2588687960693,7.673354157744805],"final_out_mse":[0.0086047576615491,0.2912089777582722,0.7993326114495373,30.947113300629486,1.698829981330313,0.03444246964436626],"mfr":[6.87542265625,53.665398958333334,167.90745520833335,55.82863203125,15.87029609375,6.333604427083333],"dynamics_power":[0.0029312326187243124,0.6254645891413558,2.4635786168399636,0.18871236632513666,0.01527341757683703,0.0041138366848725095],"dynamics_mse":[0.007028347054768137,3.503944428591244,12.34321019950179,0.8244735493884827,0.05583243668632223,0.012975658710997259]}