{"test_acc":[0.827,0.614,0.525,0.795,0.849,0.845,0.909],"final_out_power":[1.4292765407983494,10.265358036461356,125.49144362495339,4.962771828771563,4.827177932460355,2.844274785707916],"final_out_mse":[0.008040376960670692,0.050317427372928256,0.23691264617120394,0.018244310351977676,0.018717943431369725,0.01049855956558845],"final_out_mse_tgt":[0.01779537932079214,0.06655188997207523,0.2545572056609287,0.02966136048236507,0.028700257667683454,0.019232996318892814],"mfr":[3.1106533854166663,5.243758072916666,5.4835203125,2.2289479166666664,2.46803515625,3.0271388020833334],"dynamics_power":[0.0026110031009951005,0.02440860665220037,0.013212411843598061,0.004842523147427338,0.003792291405824062,0.002771618694719654],"dynamics_mse":[0.0054821608742855014,0.06649390395563792,0.03326121558346716,0.011517655853314646,0.007967019081315143,0.006564588271113189]}