{"test_acc":[0.832,0.462,0.668,0.815,0.849,0.799,0.909],"final_out_power":[3.063649459093579,47.539829926015415,9.607585163978941,4.796578232131838,3.5844559212576312,4.41066107475766],"final_out_mse":[0.013326093306288691,0.16621769865133584,0.03301661816149316,0.024586766465174527,0.01678688331405205,0.019890928802638857],"mfr":[3.346338541666667,9.124714322916667,2.8867296875000004,2.4912312500000002,2.4718348958333336,3.5995658854166668],"dynamics_power":[0.00287144991605494,0.030650602579403538,0.007649229353486279,0.0047976739880869765,0.00377608749140246,0.003375735147682715],"dynamics_mse":[0.007080540683667816,0.10220121867314046,0.018095145475626264,0.009834321538584143,0.007641382890573453,0.009459812336503587]}