{"test_acc":[0.86,0.586,0.66,0.828,0.863,0.864,0.909],"final_out_power":[1.3303960212447983,27.29950728008382,7.578362069662324,5.977826725246542,3.5421261973151132,2.141512052139279],"final_out_mse":[0.0070720199001001694,0.10412873173651134,0.026641408143999647,0.025906746736450867,0.013569025014887673,0.01197887710797598],"mfr":[4.1838078125000004,33.24097265625,4.65991953125,2.770838802083333,2.7528445312499996,4.842769270833332],"dynamics_power":[0.0024226684587185547,0.15706530954037853,0.01013018215075122,0.005073574039158549,0.0035648408413397133,0.002938596108104875],"dynamics_mse":[0.004969468637432538,0.8689023331505903,0.031196282475814328,0.010634635793823935,0.007570007775758702,0.006635790496773538]}