{"test_acc":[0.845,0.818,0.848,0.858,0.905],"final_out_power":[1.983677067833135,17.266353201644467,4.7834751252824494,2.9280430918981972],"final_out_mse":[0.00859822709267721,0.06597357625092355,0.026768290826415228,0.011496604178673864],"mfr":[3.1201833333333333,2.56691484375,2.58184453125,3.211392447916667],"dynamics_power":[0.0027307644902248847,0.005088128160367173,0.0036276668467727143,0.002842299611748269],"dynamics_mse":[0.00606134517163329,0.010774852010036586,0.007461638493045223,0.006216431169454934]}