{"test_acc":[0.827,0.614,0.525,0.795,0.849,0.845,0.909],"final_out_power":[1.4292765436971644,10.26535802933704,125.4914436125961,4.962771835777237,4.82717792770873,2.844274787987062],"final_out_mse":[0.008040376959468099,0.05031742735776548,0.236912646380511,0.018244310361550418,0.01871794342080246,0.010498559551922198],"mfr":[3.1106533854166663,5.243758072916666,5.4835203125,2.2289479166666664,2.46803515625,3.0271388020833334],"dynamics_power":[0.002611003100688611,0.024408606650195116,0.013212411842637835,0.004842523146808115,0.0037922914057385267,0.0027716186941378258],"dynamics_mse":[0.005482160875352136,0.06649390395176,0.03326121557906351,0.011517655853097225,0.0079670190818475,0.006564588272007082]}