{"test_acc":[0.902,0.519,0.519,0.697,0.613,0.905,0.909],"final_out_power":[1.3569504942670894,406.58384261641106,168.80279490028263,92.85932063239845,11.342123964104324,5.7277652433091735],"final_out_mse":[0.008124717741201014,2.5395836055129144,0.8960371170013717,0.4093309429307208,0.06299060848796621,0.022337063147535467],"mfr":[5.985253385416667,106.64615234375,102.0547359375,23.01412213541667,7.406548177083334,6.792491406249999],"dynamics_power":[0.0026529685145302074,1.7049751269802935,1.222585010912798,0.02765106051734221,0.007318313172176678,0.003996017125348476],"dynamics_mse":[0.005641956586705065,8.893487229351122,5.8612730307826615,0.10229238024431574,0.03272884439864164,0.010084557047325646]}