{"test_acc":[0.908,0.656,0.518,0.879,0.905],"final_out_power":[2.1105174794841806,5433.768084591883,463.88293154005095,7.838136196913723],"final_out_mse":[0.008745494972841694,31.51398297806705,1.6905104460179046,0.033467873703843395],"mfr":[6.9080359375,56.17646953125,15.931306249999999,6.3724755208333335],"dynamics_power":[0.0029556853274018864,0.18784613552997814,0.015362765894893143,0.004150101234540445],"dynamics_mse":[0.00703862503258222,0.8323096514211127,0.05599301443320699,0.012992070989252124]}