{"test_acc":[0.852,0.796,0.874,0.855,0.905],"final_out_power":[1.414554447093819,5.611269357751416,3.205027858545124,1.9255312130332827],"final_out_mse":[0.007434010832066889,0.02071734524232933,0.017789418383788305,0.008108976438208047],"mfr":[3.1166174479166666,1.9761184895833335,2.5099132812500002,3.1447445312499998],"dynamics_power":[0.002638913224438938,0.004960549297202215,0.003700137237405273,0.0026976917245253064],"dynamics_mse":[0.005486622691525941,0.012557625423508108,0.007596711442995057,0.005993437467948129]}