{"test_acc":[0.911,0.519,0.735,0.898,0.913,0.915],"final_out_mse":[0.0125695476308465,0.3086552619934082,0.20784452557563782,0.10825556516647339,0.02806089259684086,0.014874536544084549]}