{"test_acc":[0.797,0.575,0.766,0.763],"final_out_mse":[0.027310285717248917,0.05235343053936958,0.04712846875190735,0.030628018081188202]}