{"test_acc":[0.893,0.661,0.678,0.864,0.886,0.89],"final_out_mse":[0.015933841466903687,0.12133974581956863,0.03701092675328255,0.02164873108267784,0.016981041058897972,0.016281871125102043]}