{"test_acc":[0.898,0.905,0.899,0.902],"final_out_mse":[0.013321314007043839,0.014142791740596294,0.013751565478742123,0.013191760517656803]}