{"test_acc":[0.797,0.706,0.819,0.789],"final_out_mse":[0.027310369536280632,0.03927627578377724,0.03861150145530701,0.02728370577096939]}