{"test_acc":[0.898,0.886,0.858,0.898],"final_out_mse":[0.013321314007043839,0.0491960234940052,0.01669904962182045,0.014565172605216503]}