{"test_acc":[0.876,0.761,0.888,0.898],"final_out_mse":[0.020717144012451172,0.05055202543735504,0.027842339128255844,0.029056314378976822]}