{"test_acc":[0.871,0.87,0.878,0.882],"final_out_mse":[0.01987122930586338,0.01872728019952774,0.01968236081302166,0.02251937799155712]}