{"test_acc":[0.887,0.841,0.883,0.887],"final_out_mse":[0.019680961966514587,0.034085940569639206,0.02677314355969429,0.02275386080145836]}