{"test_acc":[0.875,0.876,0.883,0.871],"final_out_mse":[0.01677372120320797,0.016949767246842384,0.016974449157714844,0.016820888966321945]}