{"test_acc":[0.875,0.858,0.861,0.859],"final_out_mse":[0.016774235293269157,0.021147971972823143,0.018072210252285004,0.017771562561392784]}