{"test_acc":[0.871,0.865,0.863,0.885],"final_out_mse":[0.0198755394667387,0.024599799886345863,0.020937003195285797,0.019076529890298843]}