{"test_acc":[0.89,0.533,0.642,0.765,0.901,0.904],"final_out_mse":[0.020149491727352142,0.16077770292758942,0.049337707459926605,0.04611440375447273,0.026897529140114784,0.026932183653116226]}