{"test_acc":[0.884,0.559,0.84,0.888,0.879,0.88],"final_out_mse":[0.027107875794172287,0.16574017703533173,0.03317013010382652,0.03536765277385712,0.02946494147181511,0.029075108468532562]}