{"test_acc":[0.813,0.547,0.607,0.628,0.753,0.761],"final_out_mse":[0.027054496109485626,0.11862309277057648,0.3816508650779724,0.0497097410261631,0.04773203283548355,0.03010917268693447]}