{"test_acc":[0.893,0.882,0.905,0.889],"final_out_mse":[0.013521458022296429,0.17886154353618622,0.01648561842739582,0.013383192010223866]}