{"test_acc":[0.901,0.59,0.574,0.851,0.894,0.895],"final_out_mse":[0.019061878323554993,0.126541867852211,0.09639530628919601,0.03430032357573509,0.02394866570830345,0.021463001146912575]}