{"test_acc":[0.914,0.613,0.788,0.896,0.893,0.907],"final_out_mse":[0.012601030059158802,0.14861668646335602,0.05345838889479637,0.026266487315297127,0.015635190531611443,0.012989601120352745]}