{"test_acc":[0.869,0.88,0.873,0.865],"final_out_mse":[0.027486052364110947,0.03832278400659561,0.029829444363713264,0.02955400012433529]}