{"test_acc":[0.867,0.761,0.838,0.867],"final_out_mse":[0.019598811864852905,0.0704563781619072,0.024682624265551567,0.020783230662345886]}