{"test_acc":[0.881,0.885,0.902,0.906],"final_out_mse":[0.020384766161441803,0.0855831429362297,0.05575556308031082,0.03998378664255142]}