{"test_acc":[0.893,0.902,0.894,0.897],"final_out_mse":[0.013521458022296429,0.016941169276833534,0.013564730063080788,0.013537369668483734]}