{"test_acc":[0.869,0.871,0.879,0.876],"final_out_mse":[0.027486052364110947,0.027418866753578186,0.03135930001735687,0.03083060123026371]}