{"test_acc":[0.876,0.895,0.899,0.901],"final_out_mse":[0.020717144012451172,0.026056746020913124,0.0305247213691473,0.02851337566971779]}