{"test_acc":[0.887,0.897,0.89,0.897],"final_out_mse":[0.019680961966514587,0.02251925878226757,0.020006198436021805,0.023406146094202995]}