{"test_acc":[0.881,0.903,0.897,0.898],"final_out_mse":[0.020376872271299362,0.027789322659373283,0.027453167364001274,0.02875392884016037]}