{"test_acc":[0.867,0.652,0.834,0.857],"final_out_mse":[0.01959608867764473,0.2368946075439453,0.022950319573283195,0.02097885124385357]}