{"test_acc":[0.876,0.52,0.522,0.639,0.851,0.866],"final_out_mse":[0.01921972632408142,0.3543734550476074,0.35686832666397095,0.2564258277416229,0.02752193808555603,0.02080722153186798]}