{"test_acc":[0.891,0.518,0.814,0.876,0.865,0.9],"final_out_mse":[0.019138153642416,0.10296545177698135,0.29616424441337585,0.02454305626451969,0.020876260474324226,0.01863839663565159]}