{"test_acc":[0.885,0.518,0.801,0.871,0.907,0.893],"final_out_mse":[0.020103296265006065,0.37187010049819946,0.19252556562423706,0.045685410499572754,0.04394907504320145,0.019917814061045647]}