{"test_acc":[0.908,0.559,0.852,0.894,0.905],"final_out_power":[0.558809220790863,47.735225677490234,1.617292881011963,0.8684547543525696],"final_out_mse":[0.0021368723828345537,1.752845287322998,0.013975610956549644,0.008782269433140755],"mfr":[29.337098958333335,33.80037604166667,31.521465625,30.1504046875],"dynamics_power":[0.0008572408114559948,0.005357667338103056,0.002453307155519724,0.0014048555167391896],"dynamics_mse":[0.0015672716544941068,0.026052217930555344,0.008188508450984955,0.0037223822437226772]}