{"test_acc":[0.907,0.903,0.908,0.897,0.905],"final_out_power":[0.5433948040008545,0.8531973958015442,0.572870135307312,0.538348376750946],"final_out_mse":[0.002139319898560643,0.00397590221837163,0.002494568470865488,0.0023634452372789383],"mfr":[29.33553567708333,29.71132369791667,30.005889322916666,29.472310937499998],"dynamics_power":[0.0008554391679354012,0.0009928378276526928,0.0009262788225896657,0.0008446414722129703],"dynamics_mse":[0.0015638209879398346,0.0018921681912615895,0.0017269360832870007,0.0015633187722414732]}