{"test_acc":[0.916,0.596,0.727,0.778,0.87,0.894,0.905],"final_out_power":[0.43058958649635315,8.99362850189209,13.728525161743164,5.673113822937012,4.082342147827148,2.902430772781372],"final_out_mse":[0.001829236513003707,0.23363159596920013,0.15367276966571808,0.15012231469154358,0.05876651406288147,0.017968006432056427],"final_out_mse_tgt":[0.010999585152597373,0.24233938858859605,0.16369405371899634,0.16057349135572002,0.0626317622676929,0.026493962492052745],"mfr":[28.437086718750002,27.562752083333333,37.77572031249999,40.33288932291667,32.57205364583333,29.830610156249996],"dynamics_power":[0.0008281929767690599,0.008017806336283684,0.007426877040416002,0.006771790329366922,0.002914235694333911,0.0026239058934152126],"dynamics_mse":[0.0014924976276233792,0.03324111923575401,0.06022630259394646,0.09181351959705353,0.011618301272392273,0.006805978249758482]}