{"test_acc":[0.912,0.687,0.879,0.882,0.905],"final_out_power":[0.6103003025054932,89.1082534790039,3.122981548309326,2.073420524597168],"final_out_mse":[0.0020073354244232178,0.37514030933380127,0.07881111651659012,0.044105321168899536],"mfr":[29.5818046875,36.65794427083333,34.03067994791667,31.985104166666666],"dynamics_power":[0.000843101239297539,0.006698660086840391,0.004660931881517172,0.0014721053885295987],"dynamics_mse":[0.0015062653692439198,0.04070720449090004,0.02010473981499672,0.0043704817071557045]}