{"test_acc":[0.912,0.481,0.481,0.687,0.879,0.882,0.905],"final_out_power":[0.6103003025054932,1.5421258211135864,13.286995887756348,89.1082534790039,3.122981548309326,2.073420524597168],"final_out_mse":[0.0020073354244232178,0.039169974625110626,0.30652928352355957,0.37514030933380127,0.07881111651659012,0.044105321168899536],"final_out_mse_tgt":[0.011163097769066313,0.05503858666042614,0.32494356622403525,0.3971496634406965,0.08727193265593829,0.04730527192288338],"mfr":[29.5818046875,27.857818229166668,38.72346536458333,36.65794427083333,34.03067994791667,31.985104166666666],"dynamics_power":[0.000843101239297539,0.008977092802524567,0.009114784188568592,0.006698660086840391,0.004660931881517172,0.0014721053885295987],"dynamics_mse":[0.0015062653692439198,0.03314746543765068,0.04919518530368805,0.04070720449090004,0.02010473981499672,0.0043704817071557045]}