{"test_acc":[0.901,0.906,0.886,0.901,0.905],"final_out_power":[0.597129762172699,0.9104132056236267,0.7276324033737183,0.7033650875091553],"final_out_mse":[0.002139977877959609,0.0043525840155780315,0.002658576937392354,0.002606373280286789],"mfr":[26.886156510416665,27.835322395833334,26.748178906250004,26.91725885416667],"dynamics_power":[0.000884543638676405,0.0012330793542787433,0.0009729909361340106,0.0009045059559866786],"dynamics_mse":[0.0015810414915904403,0.0023712930269539356,0.0017905021086335182,0.0016418724553659558]}