{"test_acc":[0.914,0.595,0.725,0.779,0.869,0.89,0.905],"final_out_power":[0.42030853033065796,9.004793167114258,13.188261032104492,5.675292015075684,4.541417121887207,2.94183349609375],"final_out_mse":[0.0017446069978177547,0.2339414656162262,0.14811214804649353,0.15010765194892883,0.06722342222929001,0.018168345093727112],"mfr":[28.43593489583333,27.566547135416666,37.77128203125,40.33276197916667,32.57197005208334,29.838464062499998],"dynamics_power":[0.0008130803471431136,0.00801591295748949,0.007423429749906063,0.006770556326955557,0.0029161085840314627,0.002642135601490736],"dynamics_mse":[0.0014700965257361531,0.03325502574443817,0.060196831822395325,0.0918056070804596,0.011625402607023716,0.0068662529811263084]}