{"test_acc":[0.902,0.833,0.855,0.897,0.905],"final_out_power":[0.5374292135238647,9.402255058288574,3.9781100749969482,1.6581223011016846],"final_out_mse":[0.002477620029821992,0.08202671259641647,0.03012276254594326,0.03652330860495567],"mfr":[27.924649479166668,33.053290885416665,30.692038020833333,28.275071875000002],"dynamics_power":[0.0009202716173604131,0.005676599685102701,0.002808978082612157,0.0022211361210793257],"dynamics_mse":[0.001668337150476873,0.02410907670855522,0.010682710446417332,0.005777690093964338]}