{"test_acc":[0.903,0.601,0.481,0.699,0.817,0.856,0.905],"final_out_power":[0.5912490487098694,3.5762691497802734,5.128742218017578,30.427448272705078,5.12162971496582,10.365306854248047],"final_out_mse":[0.0021061301231384277,0.15093185007572174,0.2267194241285324,0.10628256946802139,0.06179249659180641,0.1907285451889038],"final_out_mse_tgt":[0.011516470862949369,0.16073101249680477,0.2491596632675914,0.11659034634023717,0.06914189313624843,0.1902740248202657],"mfr":[26.886645572916667,31.966864322916667,36.39517135416667,30.13832708333333,31.761534375,28.479442447916668],"dynamics_power":[0.0008816584595479071,0.008181681856513023,0.010854646563529968,0.005682953633368015,0.0063741025514900684,0.0017237326828762889],"dynamics_mse":[0.0015745036071166396,0.04700469970703125,0.06385869532823563,0.028131583705544472,0.02136923559010029,0.004518574569374323]}