{"test_acc":[0.901,0.601,0.481,0.695,0.823,0.856,0.905],"final_out_power":[0.597129762172699,3.5809223651885986,5.128192901611328,30.562273025512695,5.198914051055908,10.057419776916504],"final_out_mse":[0.002139977877959609,0.150892972946167,0.22675009071826935,0.10616935789585114,0.0618557445704937,0.18323944509029388],"mfr":[26.886156510416665,31.96651744791667,36.39235703125,30.138244270833333,31.764154166666668,28.48132421875],"dynamics_power":[0.000884543638676405,0.008182001300156116,0.010853643529117107,0.005682746414095163,0.0064163003116846085,0.0017214965773746371],"dynamics_mse":[0.0015810414915904403,0.047004081308841705,0.06383880972862244,0.02812214195728302,0.021379675716161728,0.004517280496656895]}