{"test_acc":[0.902,0.772,0.481,0.548,0.736,0.894,0.905],"final_out_power":[0.5252211093902588,3.2249577045440674,4.667288303375244,59.15336990356445,8.953889846801758,1.070090889930725],"final_out_mse":[0.002012180397287011,0.18533855676651,0.11953859776258469,0.7603055834770203,0.05120806396007538,0.01490306481719017],"final_out_mse_tgt":[0.011617770517258113,0.1955354082792418,0.1390626882666988,0.7890568918744718,0.062523578708569,0.022558734261206168],"mfr":[28.939848697916666,30.148032812500002,35.57371666666667,35.79362916666667,31.928056770833333,31.08698046875],"dynamics_power":[0.0008619642467238009,0.007964900694787502,0.009502667933702469,0.006090912967920303,0.005035766866058111,0.0019890740513801575],"dynamics_mse":[0.001537229516543448,0.05438392236828804,0.06431706994771957,0.041555553674697876,0.024370713159441948,0.005006264429539442]}