{"test_acc":[0.908,0.525,0.792,0.897,0.905],"final_out_power":[0.5605941414833069,6.165043830871582,1.6442012786865234,0.8330126404762268],"final_out_mse":[0.002158117713406682,0.06894692778587341,0.02968146838247776,0.004913941957056522],"mfr":[27.288452083333333,29.712320052083335,29.448399739583337,27.838170312499997],"dynamics_power":[0.0008866015705280006,0.0059691802598536015,0.0025216981302946806,0.001488152309320867],"dynamics_mse":[0.0015899705467745662,0.026733962818980217,0.009153688326478004,0.003366396762430668]}