{"test_acc":[0.908,0.781,0.655,0.559,0.852,0.894,0.905],"final_out_power":[0.558809220790863,6.598814487457275,18.38203239440918,47.735225677490234,1.617292881011963,0.8684547543525696],"final_out_mse":[0.0021368723828345537,0.17423559725284576,0.1675887405872345,1.752845287322998,0.013975610956549644,0.008782269433140755],"final_out_mse_tgt":[0.01163443130245723,0.18501524903019884,0.18260311906127713,1.7809265084913373,0.025163688635639985,0.017970324283703393],"mfr":[29.337098958333335,35.589655989583335,35.87590859375,33.80037604166667,31.521465625,30.1504046875],"dynamics_power":[0.0008572408114559948,0.00794858206063509,0.00986479315906763,0.005357667338103056,0.002453307155519724,0.0014048555167391896],"dynamics_mse":[0.0015672716544941068,0.05349396914243698,0.05090782791376114,0.026052217930555344,0.008188508450984955,0.0037223822437226772]}