{"test_acc":[0.916,0.778,0.87,0.894,0.905],"final_out_power":[0.43058958649635315,5.673113822937012,4.082342147827148,2.902430772781372],"final_out_mse":[0.001829236513003707,0.15012231469154358,0.05876651406288147,0.017968006432056427],"mfr":[28.437086718750002,40.33288932291667,32.57205364583333,29.830610156249996],"dynamics_power":[0.0008281929767690599,0.006771790329366922,0.002914235694333911,0.0026239058934152126],"dynamics_mse":[0.0014924976276233792,0.09181351959705353,0.011618301272392273,0.006805978249758482]}