{"test_acc":[0.902,0.741,0.837,0.88,0.905],"final_out_power":[0.5764416456222534,91.93952941894531,2.266242265701294,6.415655612945557],"final_out_mse":[0.0020835218019783497,0.8937634229660034,0.013201353140175343,0.12824447453022003],"mfr":[27.731686979166668,41.861215625,27.439875520833333,28.823856250000002],"dynamics_power":[0.0008740446646697819,0.00702882744371891,0.002819525543600321,0.001437715138308704],"dynamics_mse":[0.0015551223186776042,0.0658164843916893,0.008008445613086224,0.003332058433443308]}