{"test_acc":[0.907,0.784,0.647,0.556,0.854,0.895,0.905],"final_out_power":[0.5433948040008545,6.596409320831299,17.214561462402344,45.37575912475586,1.6110697984695435,0.869473397731781],"final_out_mse":[0.002139319898560643,0.17424197494983673,0.157059445977211,1.6597703695297241,0.013996358029544353,0.00881641823798418],"mfr":[29.33553567708333,35.58938151041667,35.88967916666667,33.800990885416674,31.527253124999998,30.154926822916664],"dynamics_power":[0.0008554391679354012,0.007948325015604496,0.009884092025458813,0.005365248303860426,0.00245087337680161,0.0014046832220628858],"dynamics_mse":[0.0015638209879398346,0.05349352955818176,0.05094444006681442,0.026061031967401505,0.008196950890123844,0.003728387178853154]}