{"test_acc":[0.918,0.724,0.481,0.647,0.846,0.898,0.905],"final_out_power":[0.5421475172042847,4.420344352722168,11.334457397460938,61.52610778808594,32.373451232910156,0.9918383955955505],"final_out_mse":[0.0019104699604213238,0.16706690192222595,0.4913454055786133,0.2921395003795624,0.5682247877120972,0.006954060401767492],"mfr":[27.9919375,28.789555468750002,40.54371302083333,31.276258854166667,30.70495,28.328758072916667],"dynamics_power":[0.0008466607541777194,0.007976735010743141,0.008566360920667648,0.0049024587497115135,0.0025057182647287846,0.00136185297742486],"dynamics_mse":[0.0015007369220256805,0.03673503175377846,0.09585541486740112,0.02162208966910839,0.008388297632336617,0.0031145652756094933]}