{"test_acc":[0.902,0.548,0.736,0.894,0.905],"final_out_power":[0.5252211093902588,59.15336990356445,8.953889846801758,1.070090889930725],"final_out_mse":[0.002012180397287011,0.7603055834770203,0.05120806396007538,0.01490306481719017],"mfr":[28.939848697916666,35.79362916666667,31.928056770833333,31.08698046875],"dynamics_power":[0.0008619642467238009,0.006090912967920303,0.005035766866058111,0.0019890740513801575],"dynamics_mse":[0.001537229516543448,0.041555553674697876,0.024370713159441948,0.005006264429539442]}