{"test_acc":[0.481,0.481,0.481,0.481,0.481,0.481],"final_out_mse":[0.05766012821837884,0.05790653269119612,0.05769463878899917,0.05770446919069185,0.05764522141060874,0.057653492513205555],"mfr":[6.998180208333333,5.732783854166667,6.952770052083333,6.837074218749999,6.997971354166666,6.998118489583334]}