{"test_acc":[0.893,0.546,0.608,0.454,0.546,0.454],"final_out_mse":[0.018049860991883427,0.07122034171901045,0.09185605921727502,22.070460826867834,5.329926920021997,10.477708636991709],"mfr":[127.15472604166665,89.31120572916667,125.29582864583332,122.21405729166666,127.65943463541666,127.06497421875]}