{"test_acc":[0.902,0.501,0.585,0.654,0.519,0.481],"final_out_mse":[0.01694249644267906,0.05730903115099373,0.07927556963713477,0.173128424556473,10.604639584668266,2.6638065666007695],"mfr":[123.44357109375,85.90904583333334,122.81520911458333,119.50124088541668,123.56629765625,123.48202552083333]}