{"test_acc":[0.897,0.481,0.512,0.612,0.446,0.481],"final_out_mse":[0.015969480213394557,0.05788793885613666,0.11489187220283871,0.1509935095869895,0.2917426197098539,35.520699784874935],"mfr":[122.6937109375,85.22992447916667,122.16491588541668,118.88121796875,122.78743906250001,122.60415703125001]}