{"test_acc":[0.481,0.481,0.481,0.481,0.481,0.481],"final_out_mse":[0.05751107779763696,0.05790653269119612,0.05748492976053449,0.05752645393053399,0.05753750894720552,0.057484698973495965],"mfr":[7.072445052083333,5.779681770833333,7.035697916666666,6.901854166666666,7.0596182291666665,7.075364322916666]}