{"test_acc":[0.887,0.551,0.546,0.455,0.454,0.454],"final_out_mse":[0.016413068722106586,0.0501672467684741,0.07974449455049358,1.4517649556005,162.4298896710601,9.50482192344366],"mfr":[122.52944869791666,87.66982005208334,121.28948463541667,118.73666953124999,122.98664479166666,122.48163359374999]}