{"test_acc":[0.898,0.481,0.451,0.511,0.519,0.543],"final_out_mse":[0.01617770857478879,0.10035019726473829,0.12408250014533151,1.5272235358143331,9.624119856164866,0.07624294224397048],"mfr":[127.4538953125,88.6837796875,125.58285260416666,122.26163671875,127.70037421874999,127.35271614583334]}