{"test_acc":[0.89,0.546,0.454,0.74,0.549,0.561],"final_out_mse":[0.015569618347900029,0.05089681382854604,1.3927067794910863,8.025117414559432,72.79831055392658,0.14401946326660983],"mfr":[129.06576927083336,92.28550963541667,127.65836249999998,124.98729765625,128.92015677083333,129.08488020833335]}