{"test_acc":[0.903,0.481,0.566,0.636,0.519,0.648],"final_out_mse":[0.01580387518458698,0.0634527300276378,0.08296610094558445,0.3535708511937778,2.02775549678097,0.048903460633421665],"mfr":[124.67612291666667,87.67707057291666,124.81701380208332,121.16457578125,124.41071249999999,124.6187640625]}