{"test_acc":[0.9,0.519,0.519,0.518],"final_out_mse":[0.01752034849031347,1.023097047418256,5.696751480409431,0.47960498338658497],"mfr":[125.26648020833333,121.35343802083334,124.97969296875,125.21319479166667]}