{"test_acc":[0.878,0.595,0.454,0.429,0.696,0.454],"final_out_mse":[0.01490564636564498,0.052580461601449684,1.0420777601735192,0.46318634161778105,9.03091393033234,10.35288750773792],"mfr":[127.12273541666666,90.45106328125,127.61615156250001,124.12256302083333,126.30872552083333,127.1443390625]}