{"test_acc":[0.879,0.563,0.617,0.646,0.454,0.546],"final_out_mse":[0.015890741983259207,0.04930460753234091,0.039279867966323094,0.782581304313956,82.12178412599947,32.720388241241615],"mfr":[111.34197968749999,80.40986927083333,110.29448072916665,107.99063567708333,111.41124427083334,111.37728281250001]}