{"test_acc":[0.896,0.674,0.518,0.481,0.518,0.519],"final_out_mse":[0.018794676431041945,0.09245568809309941,0.5024837565136967,66.55943413614435,0.31067505758513153,1.6671388389439534],"mfr":[116.29956145833334,81.34681979166668,115.5413828125,112.99033958333332,115.97392630208333,116.32010260416666]}