{"test_acc":[0.878,0.548,0.648,0.454,0.454,0.437],"final_out_mse":[0.0163071202666151,0.05114301582337509,0.04544594214859407,6.270464274867332,23.523744821337875,0.8192403518000853],"mfr":[109.3570125,78.29715781249999,108.88930338541665,106.08320598958333,109.28547421875001,109.39266979166668]}