{"test_acc":[0.9,0.481,0.697,0.519,0.519,0.518],"final_out_mse":[0.01752034849031347,0.06457215788988853,0.050865822881022385,1.023097047418256,5.696751480409431,0.47960498338658497],"mfr":[125.26648020833333,84.50382265625,124.78390677083333,121.35343802083334,124.97969296875,125.21319479166667]}